name,assists,bonus,bps,clean_sheets,creativity,element,fixture,goals_conceded,goals_scored,ict_index,influence,kickoff_time,minutes,own_goals,penalties_missed,penalties_saved,red_cards,round,saves,selected,team_a_score,team_h_score,threat,total_points,transfers_balance,transfers_in,transfers_out,value,was_home,yellow_cards,opponent_team,team,position,xP
Ederson,0,0,16,0,0.0,212,175,1,0,0.9,9.4,2019-12-21T17:30:00Z,90,0,0,0,0,18,1,994042,1,3,0.0,2,-14118,7437,21555,60,True,0,Leicester,Man City,GK,0
Hugo Lloris,0,0,0,0,0.0,340,178,0,0,0.0,0.0,2019-12-22T16:30:00Z,0,0,0,0,0,18,0,249034,2,0,0.0,0,-4080,73,4153,53,True,0,Chelsea,Spurs,GK,0
Cenk Tosun,0,0,4,1,1.1,146,174,0,0,1.1,0.0,2019-12-21T12:30:00Z,68,0,0,0,0,18,0,7998,0,0,11.0,2,-164,118,282,57,True,0,Arsenal,Everton,FWD,0
Callum Robinson,0,0,0,0,0.0,453,173,0,0,0.0,0.0,2019-12-21T15:00:00Z,0,0,0,0,0,18,0,21355,1,0,0.0,0,-1447,119,1566,51,False,0,Brighton,Sheffield Utd,MID,0
Son Heung-Min,0,0,-3,0,1.3,342,178,2,0,0.4,0.0,2019-12-22T16:30:00Z,61,0,0,0,1,18,0,1759586,2,0,8.0,-1,182722,232314,49592,101,True,0,Chelsea,Spurs,MID,0
João Moutinho,1,0,22,0,30.0,415,177,1,0,7.1,22.6,2019-12-21T15:00:00Z,90,0,0,0,0,18,0,416178,2,1,18.0,4,8770,30993,22223,54,False,1,Norwich,Wolves,MID,0
Danny Rose,0,0,5,0,1.0,332,178,0,0,0.6,5.4,2019-12-22T16:30:00Z,16,0,0,0,0,18,0,103593,2,0,0.0,1,-2283,1079,3362,53,True,0,Chelsea,Newcastle,DEF,0
Martin Kelly,0,0,10,0,2.8,128,176,1,0,1.5,10.2,2019-12-21T15:00:00Z,90,0,0,0,0,18,0,2292298,0,1,2.0,2,117359,133019,15660,44,False,0,Newcastle,Crystal Palace,DEF,0
Harry Winks,0,0,0,0,0.0,347,178,0,0,0.0,0.0,2019-12-22T16:30:00Z,0,0,0,0,0,18,0,19455,2,0,0.0,0,-377,195,572,52,True,0,Chelsea,Spurs,MID,0
Scott Carson,0,0,0,0,0.0,562,175,0,0,0.0,0.0,2019-12-21T17:30:00Z,0,0,0,0,0,18,0,3561,1,3,0.0,0,234,495,261,40,True,0,Leicester,Man City,GK,0
Ashley Westwood,1,0,11,1,12.8,101,172,0,0,3.5,20.4,2019-12-21T15:00:00Z,90,0,0,0,0,18,0,23529,1,0,2.0,5,816,1805,989,54,False,1,Bournemouth,Burnley,MID,0
Lucas Digne,0,3,29,1,16.3,141,174,0,0,3.2,16.0,2019-12-21T12:30:00Z,90,0,0,0,0,18,0,819287,0,0,0.0,9,-60678,1193,61871,57,True,0,Arsenal,Everton,DEF,0
Ayoze Pérez,0,0,6,0,11.7,265,175,2,0,2.2,7.4,2019-12-21T17:30:00Z,67,0,0,0,0,18,0,337973,1,3,3.0,2,-67832,2840,70672,61,False,0,Man City,Leicester,MID,0
Nathan Aké,0,0,0,0,0.0,59,172,0,0,0.0,0.0,2019-12-21T15:00:00Z,0,0,0,0,0,18,0,617166,1,0,0.0,0,-140350,398,140748,49,True,0,Burnley,Bournemouth,DEF,0
Isaac Hayden,0,0,8,1,5.7,271,176,0,0,1.4,4.4,2019-12-21T15:00:00Z,63,0,0,0,0,18,0,272038,0,1,4.0,3,-7290,4146,11436,44,True,0,Crystal Palace,Newcastle,MID,0
Patrick van Aanholt,0,0,21,0,66.3,123,176,1,0,8.8,20.2,2019-12-21T15:00:00Z,90,0,0,0,0,18,0,420319,0,1,1.0,2,-53985,1113,55098,55,False,0,Newcastle,Crystal Palace,DEF,0
Ken Sema,0,0,0,0,0.0,372,179,0,0,0.0,0.0,2019-12-22T14:00:00Z,0,0,0,0,0,18,0,1421,0,2,0.0,0,-59,12,71,48,True,0,Man Utd,Watford,MID,0
Jonny Evans,0,0,17,0,4.0,162,175,3,0,2.8,24.0,2019-12-21T17:30:00Z,90,0,0,0,0,18,0,409224,1,3,0.0,1,24970,45739,20769,52,False,0,Man City,Leicester,DEF,0
Jorginho,0,0,13,0,14.5,118,178,0,0,2.4,9.4,2019-12-22T16:30:00Z,22,0,0,0,0,18,0,243561,2,0,0.0,1,-11152,3871,15023,50,False,0,Spurs,Chelsea,MID,0
Kortney Hause,0,0,12,0,1.2,25,171,3,0,3.2,28.6,2019-12-21T15:00:00Z,90,0,0,0,0,18,0,4354,3,1,2.0,1,-16,62,78,44,True,0,Southampton,Aston Villa,DEF,0
Trézéguet,0,0,4,0,18.5,465,171,0,0,6.2,8.0,2019-12-21T15:00:00Z,22,0,0,0,0,18,0,108968,3,1,35.0,1,-4870,4699,9569,52,True,0,Southampton,Aston Villa,MID,0
Kyle Walker,0,0,15,0,14.8,203,175,1,0,2.5,8.6,2019-12-21T17:30:00Z,90,0,0,0,0,18,0,858432,1,3,2.0,2,9930,24635,14705,58,True,0,Leicester,Man City,DEF,0
Diego Rico,0,0,9,0,6.6,65,172,1,0,1.7,10.8,2019-12-21T15:00:00Z,90,0,0,0,0,18,0,1139737,1,0,0.0,1,116555,123934,7379,44,True,1,Burnley,Bournemouth,DEF,0
Ryan Bertrand,0,0,13,0,24.8,305,171,1,0,5.7,10.0,2019-12-21T15:00:00Z,90,0,0,0,0,18,0,41542,3,1,22.0,2,1296,2563,1267,48,False,0,Aston Villa,Southampton,DEF,0
Erik Lamela,0,0,0,0,0.0,346,178,0,0,0.0,0.0,2019-12-22T16:30:00Z,0,0,0,0,0,18,0,84003,2,0,0.0,0,-2469,25,2494,57,True,0,Chelsea,Spurs,MID,0
Allan Saint-Maximin,0,0,0,0,0.0,500,176,0,0,0.0,0.0,2019-12-21T15:00:00Z,0,0,0,0,0,18,0,22573,0,1,0.0,0,-5986,148,6134,54,True,0,Crystal Palace,Newcastle,MID,0
Eddie Nketiah,0,0,0,0,0.0,13,174,0,0,0.0,0.0,2019-12-21T12:30:00Z,0,0,0,0,0,18,0,43225,0,0,0.0,0,-1635,578,2213,43,False,0,Everton,Arsenal,FWD,0
Callum Wilson,0,0,1,0,5.3,67,172,1,0,1.1,1.8,2019-12-21T15:00:00Z,45,0,0,0,0,18,0,343493,1,0,4.0,1,-32044,374,32418,74,True,0,Burnley,Bournemouth,FWD,0
Antonio Rüdiger,0,0,17,1,1.8,104,178,0,0,0.8,5.4,2019-12-22T16:30:00Z,90,0,0,0,0,18,0,12414,2,0,1.0,5,1465,2113,648,60,False,1,Spurs,Chelsea,DEF,0
Glenn Murray,0,0,-2,0,4.2,44,173,0,0,0.9,0.8,2019-12-21T15:00:00Z,45,0,0,0,0,18,0,55759,1,0,4.0,1,-884,473,1357,55,True,0,Sheffield Utd,Brighton,FWD,0
Arnaut Danjuma,0,0,0,0,0.0,492,172,0,0,0.0,0.0,2019-12-21T15:00:00Z,0,0,0,0,0,18,0,2274,1,0,0.0,0,-183,10,193,58,True,0,Burnley,Bournemouth,MID,0
José Holebas,0,0,0,0,0.0,353,179,0,0,0.0,0.0,2019-12-22T14:00:00Z,0,0,0,0,0,18,0,55649,0,2,0.0,0,-3611,6,3617,47,True,0,Man Utd,Watford,DEF,0
Yves Bissouma,0,0,1,0,6.8,53,173,0,0,2.5,4.4,2019-12-21T15:00:00Z,34,0,0,0,0,18,0,998,1,0,14.0,0,6,51,45,50,True,1,Sheffield Utd,Brighton,MID,0
Connor Wickham,0,0,0,0,0.0,130,176,0,0,0.0,0.0,2019-12-21T15:00:00Z,0,0,0,0,0,18,0,165604,0,1,0.0,0,-4611,745,5356,44,False,0,Newcastle,Crystal Palace,FWD,0
Josip Drmic,0,0,0,0,0.0,434,177,0,0,0.0,0.0,2019-12-21T15:00:00Z,0,0,0,0,0,18,0,4429,2,1,0.0,0,-110,28,138,54,True,0,Wolves,Norwich,FWD,0
Romain Saïss,0,0,22,0,1.3,407,177,1,1,8.3,48.6,2019-12-21T15:00:00Z,90,0,0,0,0,18,0,32376,2,1,33.0,7,731,1857,1126,44,False,1,Norwich,Wolves,DEF,0
Andrew Surman,0,0,0,0,0.0,80,172,0,0,0.0,0.0,2019-12-21T15:00:00Z,0,0,0,0,0,18,0,2465,1,0,0.0,0,-17,41,58,47,True,0,Burnley,Bournemouth,MID,0
Onel Hernández,0,0,5,0,0.3,284,177,0,0,0.2,2.0,2019-12-21T15:00:00Z,3,0,0,0,0,18,0,5658,2,1,0.0,1,-158,250,408,53,True,0,Wolves,Norwich,MID,0
Sofiane Boufal,0,0,0,0,0.0,508,171,0,0,0.0,0.0,2019-12-21T15:00:00Z,0,0,0,0,0,18,0,6890,3,1,0.0,0,-425,16,441,55,False,0,Aston Villa,Southampton,MID,0
Bernardo,0,0,0,0,0.0,39,173,0,0,0.0,0.0,2019-12-21T15:00:00Z,0,0,0,0,0,18,0,6392,1,0,0.0,0,15,96,81,43,True,0,Sheffield Utd,Brighton,DEF,0
Paulo Gazzaniga,0,0,3,0,0.0,341,178,2,0,0.0,0.0,2019-12-22T16:30:00Z,90,0,0,0,0,18,1,310014,2,0,0.0,0,-75,11215,11290,46,True,1,Chelsea,Spurs,GK,0
Danny Welbeck,0,0,0,0,0.0,512,179,0,0,0.0,0.0,2019-12-22T14:00:00Z,0,0,0,0,0,18,0,8444,0,2,0.0,0,-79,30,109,58,True,0,Man Utd,Watford,FWD,0
Ben Foster,0,3,37,1,0.0,366,179,0,0,5.3,53.2,2019-12-22T14:00:00Z,90,0,0,0,0,18,8,137469,0,2,0.0,11,-3089,1246,4335,48,True,0,Man Utd,Watford,GK,0
Pierre-Emile Højbjerg,0,0,15,0,12.1,325,171,1,0,5.5,23.2,2019-12-21T15:00:00Z,90,0,0,0,0,18,0,26969,3,1,20.0,2,-947,631,1578,48,False,0,Aston Villa,Southampton,MID,0
Lee Grant,0,0,0,0,0.0,237,179,0,0,0.0,0.0,2019-12-22T14:00:00Z,0,0,0,0,0,18,0,7308,0,2,0.0,0,-62,13,75,48,False,0,Watford,Man Utd,GK,0
Mace Goodridge,0,0,0,0,0.0,571,172,0,0,0.0,0.0,2019-12-21T15:00:00Z,0,0,0,0,0,18,0,121,1,0,0.0,0,3,25,22,45,False,0,Bournemouth,Burnley,MID,0
Eldin Jakupovic,0,0,0,0,0.0,169,175,0,0,0.0,0.0,2019-12-21T17:30:00Z,0,0,0,0,0,18,0,6518,1,3,0.0,0,-87,44,131,43,False,0,Man City,Leicester,GK,0
Billy Sharp,0,0,0,0,0.0,298,173,0,0,0.0,0.0,2019-12-21T15:00:00Z,0,0,0,0,0,18,0,22109,1,0,0.0,0,-307,172,479,56,False,0,Brighton,Sheffield Utd,FWD,0
Artur Boruc,0,0,0,0,0.0,73,172,0,0,0.0,0.0,2019-12-21T15:00:00Z,0,0,0,0,0,18,0,18992,1,0,0.0,0,-170,136,306,43,True,0,Burnley,Bournemouth,GK,0
Jan Vertonghen,0,0,12,0,0.7,330,178,2,0,1.1,10.6,2019-12-22T16:30:00Z,73,0,0,0,0,18,0,142775,2,0,0.0,1,23847,26335,2488,52,True,0,Chelsea,Spurs,DEF,0
Nick Pope,0,1,22,1,0.0,93,172,0,0,0.2,2.4,2019-12-21T15:00:00Z,90,0,0,0,0,18,0,1040881,1,0,0.0,7,-3268,13154,16422,47,False,0,Bournemouth,Burnley,GK,0
Steven Defour,0,0,0,0,0.0,99,172,0,0,0.0,0.0,2019-12-21T15:00:00Z,0,0,0,0,0,18,0,255,1,0,0.0,0,-8,6,14,55,False,0,Bournemouth,Burnley,MID,0
Adam Masina,0,0,0,0,0.0,355,179,0,0,0.0,0.0,2019-12-22T14:00:00Z,0,0,0,0,0,18,0,4393,0,2,0.0,0,-192,10,202,43,True,0,Man Utd,Watford,DEF,0
Phil Foden,0,0,3,0,0.3,220,175,0,0,0.1,0.2,2019-12-21T17:30:00Z,1,0,0,0,0,18,0,22856,1,3,0.0,1,1562,2032,470,51,True,0,Leicester,Man City,MID,0
Marcos Rojo,0,0,0,0,0.0,227,179,0,0,0.0,0.0,2019-12-22T14:00:00Z,0,0,0,0,0,18,0,9707,0,2,0.0,0,-184,3,187,48,False,0,Watford,Man Utd,DEF,0
Moussa Djenepo,0,0,0,0,0.0,438,171,0,0,0.0,0.0,2019-12-21T15:00:00Z,0,0,0,0,0,18,0,7907,3,1,0.0,0,-2340,202,2542,52,False,0,Aston Villa,Southampton,MID,0
Adam Idah,0,0,0,0,0.0,538,177,0,0,0.0,0.0,2019-12-21T15:00:00Z,0,0,0,0,0,18,0,7743,2,1,0.0,0,190,616,426,44,True,0,Wolves,Norwich,FWD,0
Ben Davies,0,0,0,0,0.0,329,178,0,0,0.0,0.0,2019-12-22T16:30:00Z,0,0,0,0,0,18,0,9266,2,0,0.0,0,-274,21,295,54,True,0,Chelsea,Spurs,DEF,0
Kiko Femenía,0,0,27,1,17.8,357,179,0,0,4.0,15.6,2019-12-22T14:00:00Z,90,0,0,0,0,18,0,31846,0,2,7.0,6,4156,5487,1331,42,True,0,Man Utd,Watford,DEF,0
Matthew Longstaff,0,0,0,0,0.0,540,176,0,0,0.0,0.0,2019-12-21T15:00:00Z,0,0,0,0,0,18,0,15789,0,1,0.0,0,-1899,165,2064,45,True,0,Crystal Palace,Newcastle,MID,0
John Fleck,0,0,0,0,0.0,301,173,0,0,0.0,0.0,2019-12-21T15:00:00Z,0,0,0,0,0,18,0,95397,1,0,0.0,0,-4017,15006,19023,49,False,0,Brighton,Sheffield Utd,MID,0
Eric Dier,0,0,2,0,1.1,350,178,2,0,0.2,1.2,2019-12-22T16:30:00Z,45,0,0,0,0,18,0,14611,2,0,0.0,1,382,758,376,49,True,0,Chelsea,Spurs,MID,0
Oleksandr Zinchenko,0,0,0,0,0.0,206,175,0,0,0.0,0.0,2019-12-21T17:30:00Z,0,0,0,0,0,18,0,187896,1,3,0.0,0,-1790,1168,2958,52,True,0,Leicester,Man City,DEF,0
Daniel Amartey,0,0,0,0,0.0,178,175,0,0,0.0,0.0,2019-12-21T17:30:00Z,0,0,0,0,0,18,0,25323,1,3,0.0,0,-95,1333,1428,43,False,0,Man City,Leicester,MID,0
Victor Wanyama,0,0,0,0,0.0,348,178,0,0,0.0,0.0,2019-12-22T16:30:00Z,0,0,0,0,0,18,0,7157,2,0,0.0,0,-71,112,183,48,True,0,Chelsea,Spurs,MID,0
Jairo Riedewald,0,0,0,0,0.0,539,176,0,0,0.0,0.0,2019-12-21T15:00:00Z,0,0,0,0,0,18,0,908,0,1,0.0,0,-50,34,84,45,False,0,Newcastle,Crystal Palace,MID,0
Gabriel Martinelli,0,0,4,1,2.1,504,174,0,0,1.1,4.0,2019-12-21T12:30:00Z,90,0,0,0,0,18,0,138085,0,0,5.0,2,11377,18014,6637,45,False,0,Everton,Arsenal,FWD,0
Wilfried Zaha,0,0,1,0,7.3,133,176,1,0,4.7,8.4,2019-12-21T15:00:00Z,90,0,0,0,0,18,0,974571,0,1,31.0,2,81044,110742,29698,68,False,0,Newcastle,Crystal Palace,MID,0
Christoph Zimmermann,0,0,11,0,0.5,275,177,2,0,1.6,11.8,2019-12-21T15:00:00Z,90,0,0,0,0,18,0,2602,2,1,4.0,1,363,490,127,44,True,0,Wolves,Norwich,DEF,0
Craig Cathcart,0,0,17,1,0.0,358,179,0,0,1.0,10.4,2019-12-22T14:00:00Z,90,0,0,0,0,18,0,97757,0,2,0.0,5,2750,5450,2700,43,True,1,Man Utd,Watford,DEF,0
Beram Kayal,0,0,0,0,0.0,56,173,0,0,0.0,0.0,2019-12-21T15:00:00Z,0,0,0,0,0,18,0,20205,1,0,0.0,0,-2039,1376,3415,43,True,0,Sheffield Utd,Brighton,MID,0
Brandon Pierrick,0,0,0,0,0.0,580,176,0,0,0.0,0.0,2019-12-21T15:00:00Z,0,0,0,0,0,18,0,0,0,1,0.0,0,0,0,0,45,False,0,Newcastle,Crystal Palace,MID,0
Sam Surridge,0,0,0,0,0.0,71,172,0,0,0.0,0.0,2019-12-21T15:00:00Z,0,0,0,0,0,18,0,34010,1,0,0.0,0,-631,582,1213,43,True,0,Burnley,Bournemouth,FWD,0
Dwight Gayle,0,0,3,0,0.0,554,176,0,0,0.0,0.0,2019-12-21T15:00:00Z,13,0,0,0,0,18,0,3496,0,1,0.0,1,-104,273,377,50,True,0,Crystal Palace,Newcastle,FWD,0
Giovani Lo Celso,0,0,0,0,0.0,523,178,0,0,0.0,0.0,2019-12-22T16:30:00Z,0,0,0,0,0,18,0,17044,2,0,0.0,0,-146,206,352,73,True,0,Chelsea,Spurs,MID,0
Alfie Whiteman,0,0,0,0,0.0,543,178,0,0,0.0,0.0,2019-12-22T16:30:00Z,0,0,0,0,0,18,0,34653,2,0,0.0,0,716,1746,1030,40,True,0,Chelsea,Spurs,GK,0
Callum Hudson-Odoi,0,0,0,0,0.0,116,178,0,0,0.0,0.0,2019-12-22T16:30:00Z,0,0,0,0,0,18,0,39849,2,0,0.0,0,-4342,739,5081,55,False,0,Spurs,Chelsea,MID,0
Dan Gosling,0,0,7,0,1.4,81,172,1,0,1.4,8.8,2019-12-21T15:00:00Z,90,0,0,0,0,18,0,2176,1,0,4.0,2,943,1080,137,49,True,0,Burnley,Bournemouth,MID,0
Dennis Srbeny,0,0,2,0,2.3,279,177,0,0,0.2,0.0,2019-12-21T15:00:00Z,4,0,0,0,0,18,0,3298,2,1,0.0,1,-31,78,109,52,True,0,Wolves,Norwich,FWD,0
Ezequiel Schelotto,0,0,0,0,0.0,546,173,0,0,0.0,0.0,2019-12-21T15:00:00Z,0,0,0,0,0,18,0,37692,1,0,0.0,0,1252,3717,2465,40,True,0,Sheffield Utd,Brighton,DEF,0
Demarai Gray,0,0,0,0,0.9,175,175,1,0,0.3,0.4,2019-12-21T17:30:00Z,22,0,0,0,0,18,0,18175,1,3,2.0,1,-196,177,373,51,False,0,Man City,Leicester,MID,0
Will Hughes,0,0,7,1,17.0,370,179,0,0,3.7,19.4,2019-12-22T14:00:00Z,90,0,0,0,0,18,0,26899,0,2,1.0,3,-782,162,944,54,True,0,Man Utd,Watford,MID,0
Mohamed Elneny,0,0,0,0,0.0,20,174,0,0,0.0,0.0,2019-12-21T12:30:00Z,0,0,0,0,0,18,0,58893,0,0,0.0,0,-4534,1052,5586,43,False,0,Everton,Arsenal,MID,0
Sergio Agüero,0,0,2,0,0.0,210,175,0,0,0.2,0.0,2019-12-21T17:30:00Z,1,0,0,0,0,18,0,709622,1,3,2.0,1,-23929,2604,26533,117,True,0,Leicester,Man City,FWD,0
Martín Montoya,0,0,9,0,26.7,38,173,1,0,3.6,7.2,2019-12-21T15:00:00Z,55,0,0,0,0,18,0,47783,1,0,2.0,1,452,2368,1916,45,True,0,Sheffield Utd,Brighton,DEF,0
Pierre-Emerick Aubameyang,0,0,1,1,3.8,11,174,0,0,6.1,3.4,2019-12-21T12:30:00Z,77,0,0,0,0,18,0,1403413,0,0,54.0,2,-19102,41676,60778,108,False,0,Everton,Arsenal,FWD,0
Alexandre Lacazette,0,0,4,0,0.0,12,174,0,0,0.2,2.0,2019-12-21T12:30:00Z,12,0,0,0,0,18,0,122899,0,0,0.0,1,-8006,3056,11062,93,False,0,Everton,Arsenal,FWD,0
Maya Yoshida,0,0,0,0,0.0,310,171,0,0,0.0,0.0,2019-12-21T15:00:00Z,0,0,0,0,0,18,0,20206,3,1,0.0,0,-416,220,636,43,False,0,Aston Villa,Southampton,DEF,0
Leandro Trossard,0,0,3,0,1.2,421,173,1,0,0.1,0.0,2019-12-21T15:00:00Z,45,0,0,0,0,18,0,26126,1,0,0.0,1,2069,3514,1445,58,True,0,Sheffield Utd,Brighton,MID,0
Scott McTominay,0,0,9,0,2.2,248,179,2,0,4.5,10.2,2019-12-22T14:00:00Z,71,0,0,0,0,18,0,182478,0,2,33.0,2,2877,13571,10694,51,False,0,Watford,Man Utd,MID,0
Asmir Begovic,0,0,0,0,0.0,72,172,0,0,0.0,0.0,2019-12-21T15:00:00Z,0,0,0,0,0,18,0,60418,1,0,0.0,0,-1067,53,1120,42,True,0,Burnley,Bournemouth,GK,0
Chris Smalling,0,0,0,0,0.0,223,179,0,0,0.0,0.0,2019-12-22T14:00:00Z,0,0,0,0,0,18,0,9162,0,2,0.0,0,-40,24,64,53,False,0,Watford,Man Utd,DEF,0
Alireza Jahanbakhsh,0,0,0,0,0.0,50,173,0,0,0.0,0.0,2019-12-21T15:00:00Z,0,0,0,0,0,18,0,4666,1,0,0.0,0,-3,60,63,58,True,0,Sheffield Utd,Brighton,MID,0
Leon Balogun,0,0,0,0,0.0,40,173,0,0,0.0,0.0,2019-12-21T15:00:00Z,0,0,0,0,0,18,0,3976,1,0,0.0,0,-36,42,78,44,True,0,Sheffield Utd,Brighton,DEF,0
Danny Ings,0,3,54,0,17.0,313,171,1,2,16.0,75.8,2019-12-21T15:00:00Z,86,0,0,0,0,18,0,888726,3,1,67.0,13,5203,67930,62727,64,False,0,Aston Villa,Southampton,FWD,0
Reece James,0,0,3,0,1.7,506,178,0,0,2.0,0.4,2019-12-22T16:30:00Z,10,0,0,0,0,18,0,33179,2,0,18.0,1,-5335,1237,6572,50,False,0,Spurs,Chelsea,DEF,0
Nathaniel Chalobah,0,0,3,0,0.1,374,179,0,0,0.5,3.2,2019-12-22T14:00:00Z,21,0,0,0,0,18,0,15026,0,2,2.0,1,-413,142,555,44,True,0,Man Utd,Watford,MID,0
Rui Patrício,0,0,20,0,0.0,411,177,1,0,4.3,43.2,2019-12-21T15:00:00Z,90,0,0,0,0,18,6,811669,2,1,0.0,4,-11270,9525,20795,52,False,0,Norwich,Wolves,GK,0
Sebastian Prödl,0,0,0,0,0.0,361,179,0,0,0.0,0.0,2019-12-22T14:00:00Z,0,0,0,0,0,18,0,88653,0,2,0.0,0,-3036,76,3112,40,True,0,Man Utd,Watford,DEF,0
Marco Stiepermann,0,0,0,0,0.0,285,177,0,0,0.0,0.0,2019-12-21T15:00:00Z,0,0,0,0,0,18,0,5199,2,1,0.0,0,-75,32,107,51,True,0,Wolves,Norwich,MID,0
Reiss Nelson,0,0,9,1,21.4,489,174,0,0,3.5,9.8,2019-12-21T12:30:00Z,90,0,0,0,0,18,0,7099,0,0,4.0,3,-28,75,103,53,False,0,Everton,Arsenal,MID,0
Nampalys Mendy,0,0,0,0,0.0,179,175,0,0,0.0,0.0,2019-12-21T17:30:00Z,0,0,0,0,0,18,0,79618,1,3,0.0,0,507,5518,5011,43,False,0,Man City,Leicester,MID,0
Diogo Jota,0,0,8,0,5.7,410,177,1,0,2.7,3.2,2019-12-21T15:00:00Z,76,0,0,0,0,18,0,251929,2,1,18.0,2,13721,20143,6422,61,False,0,Norwich,Wolves,FWD,0
Joshua King,0,0,3,0,4.8,68,172,1,0,1.4,7.4,2019-12-21T15:00:00Z,90,0,0,0,0,18,0,284900,1,0,2.0,2,-6339,3019,9358,61,True,0,Burnley,Bournemouth,FWD,0
James Ward-Prowse,1,0,21,0,15.8,321,171,1,0,6.7,37.2,2019-12-21T15:00:00Z,90,0,0,0,0,18,0,151437,3,1,14.0,4,-4194,13865,18059,59,False,1,Aston Villa,Southampton,MID,0
Scott Dann,0,0,0,0,0.0,127,176,0,0,0.0,0.0,2019-12-21T15:00:00Z,0,0,0,0,0,18,0,13337,0,1,0.0,0,328,789,461,43,False,0,Newcastle,Crystal Palace,DEF,0
Kepa Arrizabalaga,0,0,23,1,0.0,111,178,0,0,1.4,13.6,2019-12-22T16:30:00Z,90,0,0,0,0,18,1,388312,2,0,0.0,6,-17236,1865,19101,55,False,0,Spurs,Chelsea,GK,0
Christian Eriksen,0,0,8,0,1.8,343,178,0,0,2.7,7.6,2019-12-22T16:30:00Z,45,0,0,0,0,18,0,198659,2,0,18.0,1,-1598,1038,2636,86,True,0,Chelsea,Spurs,MID,0
Harry Kane,0,0,8,0,16.5,338,178,2,0,5.5,9.4,2019-12-22T16:30:00Z,90,0,0,0,0,18,0,1438190,2,0,29.0,2,30672,73368,42696,109,True,0,Chelsea,Spurs,FWD,0
Dale Stephens,0,0,12,0,16.6,57,173,1,0,2.7,10.8,2019-12-21T15:00:00Z,90,0,0,0,0,18,0,156814,1,0,0.0,2,-3387,3599,6986,44,True,0,Sheffield Utd,Brighton,MID,0
Nicolás Otamendi,0,0,13,0,0.9,208,175,1,0,2.3,14.8,2019-12-21T17:30:00Z,90,0,0,0,0,18,0,182815,1,3,7.0,2,15334,19626,4292,50,True,0,Leicester,Man City,DEF,0
Keinan Davis,0,0,0,0,0.0,34,171,0,0,0.0,0.0,2019-12-21T15:00:00Z,0,0,0,0,0,18,0,18207,3,1,0.0,0,-16,1312,1328,43,True,0,Southampton,Aston Villa,MID,0
Ismaïla Sarr,1,2,30,1,0.6,525,179,0,1,7.4,32.4,2019-12-22T14:00:00Z,86,0,0,0,0,18,0,8999,0,2,41.0,13,712,1022,310,62,True,0,Man Utd,Watford,MID,0
Andy Carroll,0,0,2,1,13.5,520,176,0,0,4.7,5.0,2019-12-21T15:00:00Z,90,0,0,0,0,18,0,8972,0,1,28.0,2,398,1005,607,54,True,0,Crystal Palace,Newcastle,FWD,0
André Gomes,0,0,0,0,0.0,422,174,0,0,0.0,0.0,2019-12-21T12:30:00Z,0,0,0,0,0,18,0,21803,0,0,0.0,0,-338,14,352,53,True,0,Arsenal,Everton,MID,0
Che Adams,0,0,1,0,0.0,437,171,0,0,0.0,0.0,2019-12-21T15:00:00Z,3,0,0,0,0,18,0,24073,3,1,0.0,1,-398,160,558,54,False,0,Aston Villa,Southampton,FWD,0
Douglas Luiz,0,0,11,0,21.8,470,171,3,0,4.6,4.0,2019-12-21T15:00:00Z,90,0,0,0,0,18,0,251847,3,1,20.0,2,-11149,5402,16551,44,True,0,Southampton,Aston Villa,MID,0
David Button,0,0,0,0,0.0,48,173,0,0,0.0,0.0,2019-12-21T15:00:00Z,0,0,0,0,0,18,0,1501039,1,0,0.0,0,-13006,5681,18687,40,True,0,Sheffield Utd,Brighton,GK,0
Jack Grealish,0,1,34,0,85.3,29,171,3,1,19.0,59.2,2019-12-21T15:00:00Z,90,0,0,0,0,18,0,863510,3,1,45.0,8,245334,270921,25587,62,True,0,Southampton,Aston Villa,MID,0
Mark Duffy,0,0,0,0,0.0,300,173,0,0,0.0,0.0,2019-12-21T15:00:00Z,0,0,0,0,0,18,0,1385,1,0,0.0,0,-8,11,19,52,False,0,Brighton,Sheffield Utd,MID,0
Dean Henderson,1,3,34,1,0.0,471,173,0,0,1.4,14.2,2019-12-21T15:00:00Z,90,0,0,0,0,18,2,564497,1,0,0.0,12,12999,22172,9173,48,False,0,Brighton,Sheffield Utd,GK,0
James Justin,0,0,0,0,0.0,433,175,0,0,0.0,0.0,2019-12-21T17:30:00Z,0,0,0,0,0,18,0,7106,1,3,0.0,0,-73,128,201,48,False,0,Man City,Leicester,DEF,0
James Tomkins,0,0,11,0,0.2,124,176,1,0,2.2,21.8,2019-12-21T15:00:00Z,90,0,0,0,0,18,0,41390,0,1,0.0,2,12364,14802,2438,50,False,0,Newcastle,Crystal Palace,DEF,0
Oumar Niasse,0,0,0,0,0.0,570,174,0,0,0.0,0.0,2019-12-21T12:30:00Z,0,0,0,0,0,18,0,1028,0,0,0.0,0,235,370,135,45,True,0,Arsenal,Everton,FWD,0
Rob Holding,0,0,0,0,0.0,10,174,0,0,0.0,0.0,2019-12-21T12:30:00Z,0,0,0,0,0,18,0,7833,0,0,0.0,0,-571,15,586,45,False,0,Everton,Arsenal,DEF,0
Robert Elliot,0,0,0,0,0.0,573,176,0,0,0.0,0.0,2019-12-21T15:00:00Z,0,0,0,0,0,18,0,1735,0,1,0.0,0,782,838,56,40,True,0,Crystal Palace,Newcastle,GK,0
Axel Tuanzebe,0,0,0,0,0.0,481,179,0,0,0.0,0.0,2019-12-22T14:00:00Z,0,0,0,0,0,18,0,8826,0,2,0.0,0,-133,120,253,44,False,0,Watford,Man Utd,DEF,0
Kenny McLean,0,0,9,0,3.4,286,177,2,0,4.8,11.6,2019-12-21T15:00:00Z,90,0,0,0,0,18,0,12414,2,1,33.0,2,-102,249,351,49,True,0,Wolves,Norwich,MID,0
Troy Parrott,0,0,0,0,0.0,509,178,0,0,0.0,0.0,2019-12-22T16:30:00Z,0,0,0,0,0,18,0,58719,2,0,0.0,0,-1169,908,2077,44,True,0,Chelsea,Spurs,FWD,0
Ivan Cavaleiro,0,0,0,0,0.0,419,177,0,0,0.0,0.0,2019-12-21T15:00:00Z,0,0,0,0,0,18,0,659,2,1,0.0,0,-21,22,43,49,False,0,Norwich,Wolves,MID,0
Callum Slattery,0,0,0,0,0.0,327,171,0,0,0.0,0.0,2019-12-21T15:00:00Z,0,0,0,0,0,18,0,26276,3,1,0.0,0,-724,213,937,44,False,0,Aston Villa,Southampton,MID,0
Adama Traoré,0,0,15,0,49.9,417,177,1,0,11.9,23.2,2019-12-21T15:00:00Z,90,0,0,0,0,18,0,491547,2,1,46.0,2,138976,150649,11673,53,False,0,Norwich,Wolves,MID,0
Alexis Sánchez,0,0,0,0,0.0,240,179,0,0,0.0,0.0,2019-12-22T14:00:00Z,0,0,0,0,0,18,0,28895,0,2,0.0,0,-121,27,148,68,False,0,Watford,Man Utd,MID,0
Ademola Lookman,0,0,0,0,0.0,155,174,0,0,0.0,0.0,2019-12-21T12:30:00Z,0,0,0,0,0,18,0,461,0,0,0.0,0,0,9,9,50,True,0,Arsenal,Everton,MID,0
Mason Holgate,0,0,27,1,1.0,478,174,0,0,1.5,11.8,2019-12-21T12:30:00Z,90,0,0,0,0,18,0,20622,0,0,2.0,6,2709,3396,687,44,True,0,Arsenal,Everton,DEF,0
César Azpilicueta,0,0,17,1,3.1,105,178,0,0,1.7,7.4,2019-12-22T16:30:00Z,79,0,0,0,0,18,0,358979,2,0,6.0,6,-7269,3818,11087,58,False,0,Spurs,Chelsea,DEF,0
Luke Amos,0,0,0,0,0.0,351,178,0,0,0.0,0.0,2019-12-22T16:30:00Z,0,0,0,0,0,18,0,1009,2,0,0.0,0,-39,17,56,45,True,0,Chelsea,Spurs,MID,0
Björn Engels,0,0,11,0,0.2,455,171,3,0,2.4,15.6,2019-12-21T15:00:00Z,90,0,0,0,0,18,0,47231,3,1,8.0,1,208,1915,1707,45,True,0,Southampton,Aston Villa,DEF,0
Andy King,0,0,0,0,0.0,480,175,0,0,0.0,0.0,2019-12-21T17:30:00Z,0,0,0,0,0,18,0,24897,1,3,0.0,0,-733,459,1192,43,False,0,Man City,Leicester,MID,0
Paul Dummett,0,2,28,1,37.2,255,176,0,0,6.0,19.0,2019-12-21T15:00:00Z,90,0,0,0,0,18,0,21707,0,1,4.0,8,232,797,565,44,True,0,Crystal Palace,Newcastle,DEF,0
Laurent Koscielny,0,0,0,0,0.0,7,174,0,0,0.0,0.0,2019-12-21T12:30:00Z,0,0,0,0,0,18,0,5736,0,0,0.0,0,-16,15,31,50,False,0,Everton,Arsenal,DEF,0
Bailey Peacock-Farrell,0,0,0,0,0.0,495,172,0,0,0.0,0.0,2019-12-21T15:00:00Z,0,0,0,0,0,18,0,5420,1,0,0.0,0,-47,23,70,44,False,0,Bournemouth,Burnley,GK,0
Domingos Quina,0,0,0,0,0.0,375,179,0,0,0.0,0.0,2019-12-22T14:00:00Z,0,0,0,0,0,18,0,6720,0,2,0.0,0,-65,133,198,44,True,0,Man Utd,Watford,MID,0
Bernardo Silva,0,0,10,0,17.9,218,175,1,0,3.3,9.0,2019-12-21T17:30:00Z,90,0,0,0,0,18,0,698731,1,3,6.0,2,-20129,14892,35021,79,True,0,Leicester,Man City,MID,0
Ryan Bennett,0,0,0,0,0.0,404,177,0,0,0.0,0.0,2019-12-21T15:00:00Z,0,0,0,0,0,18,0,23243,2,1,0.0,0,-242,399,641,49,False,0,Norwich,Leicester,DEF,0
Aaron Ramsdale,0,0,11,0,0.0,494,172,1,0,0.5,4.6,2019-12-21T15:00:00Z,90,0,0,0,0,18,0,402943,1,0,0.0,2,89159,92780,3621,46,True,0,Burnley,Bournemouth,GK,0
Ravel Morrison,0,0,0,0,0.0,456,173,0,0,0.0,0.0,2019-12-21T15:00:00Z,0,0,0,0,0,18,0,6237,1,0,0.0,0,7,209,202,46,False,0,Brighton,Sheffield Utd,MID,0
Seamus Coleman,0,0,0,0,0.0,144,174,0,0,0.0,0.0,2019-12-21T12:30:00Z,0,0,0,0,0,18,0,86135,0,0,0.0,0,611,1701,1090,53,True,0,Arsenal,Everton,DEF,0
Max Kilman,0,0,0,0,0.0,408,177,0,0,0.0,0.0,2019-12-21T15:00:00Z,0,0,0,0,0,18,0,165102,2,1,0.0,0,-941,4159,5100,40,False,0,Norwich,Wolves,DEF,0
Daniel Drinkwater,0,0,0,0,0.0,120,172,0,0,0.0,0.0,2019-12-21T15:00:00Z,0,0,0,0,0,18,0,46934,1,0,0.0,0,-680,420,1100,44,False,0,Bournemouth,Aston Villa,MID,0
Anthony Martial,0,0,21,0,41.1,239,179,2,0,10.6,17.8,2019-12-22T14:00:00Z,90,0,0,0,0,18,0,588860,0,2,47.0,2,92134,115057,22923,77,False,0,Watford,Man Utd,MID,0
Steven Alzate,0,0,0,0,0.0,537,173,0,0,0.0,0.0,2019-12-21T15:00:00Z,0,0,0,0,0,18,0,6162,1,0,0.0,0,-69,523,592,45,True,0,Sheffield Utd,Brighton,MID,0
Simon Francis,0,0,11,0,0.3,62,172,1,0,2.5,24.4,2019-12-21T15:00:00Z,90,0,0,0,0,18,0,3871,1,0,0.0,1,1577,1744,167,44,True,1,Burnley,Bournemouth,DEF,0
Daniel N'Lundulu,0,0,0,0,0.0,535,171,0,0,0.0,0.0,2019-12-21T15:00:00Z,0,0,0,0,0,18,0,6818,3,1,0.0,0,-149,102,251,45,False,0,Aston Villa,Southampton,FWD,0
Jack Colback,0,0,0,0,0.0,482,176,0,0,0.0,0.0,2019-12-21T15:00:00Z,0,0,0,0,0,18,0,9950,0,1,0.0,0,-392,26,418,44,True,0,Crystal Palace,Newcastle,MID,0
Akin Famewo,0,0,0,0,0.0,552,177,0,0,0.0,0.0,2019-12-21T15:00:00Z,0,0,0,0,0,18,0,5181,2,1,0.0,0,-38,221,259,40,True,0,Wolves,Norwich,DEF,0
Danilo Luiz da Silva,0,0,0,0,0.0,209,175,0,0,0.0,0.0,2019-12-21T17:30:00Z,0,0,0,0,0,18,0,3194,1,3,0.0,0,-9,19,28,50,True,0,Leicester,Man City,DEF,0
Sam Byram,0,0,13,0,1.9,454,177,2,0,1.7,13.0,2019-12-21T15:00:00Z,90,0,0,0,0,18,0,8614,2,1,2.0,0,-15,140,155,44,True,1,Wolves,Norwich,DEF,0
Victor Lindelöf,0,0,11,0,1.8,225,179,2,0,1.6,12.4,2019-12-22T14:00:00Z,90,0,0,0,0,18,0,102911,0,2,2.0,1,7461,11200,3739,53,False,0,Watford,Man Utd,DEF,0
Olivier Giroud,0,0,0,0,0.0,110,178,0,0,0.0,0.0,2019-12-22T16:30:00Z,0,0,0,0,0,18,0,74822,2,0,0.0,0,-1041,66,1107,66,False,0,Spurs,Chelsea,FWD,0
Frédéric Guilbert,0,0,15,0,5.4,458,171,3,0,4.1,28.2,2019-12-21T15:00:00Z,90,0,0,0,0,18,0,71218,3,1,7.0,1,9194,11364,2170,44,True,0,Southampton,Aston Villa,DEF,0
Fraser Forster,0,0,0,0,0.0,317,171,0,0,0.0,0.0,2019-12-21T15:00:00Z,0,0,0,0,0,18,0,24711,3,1,0.0,0,-394,21,415,43,False,0,Aston Villa,Southampton,GK,0
Pedro,0,0,0,0,0.0,114,178,0,0,0.0,0.0,2019-12-22T16:30:00Z,0,0,0,0,0,18,0,85262,2,0,0.0,0,-805,179,984,68,False,0,Spurs,Chelsea,MID,0
Matt Doherty,1,0,14,0,26.6,401,177,1,0,8.6,18.4,2019-12-21T15:00:00Z,90,0,0,0,0,18,0,381648,2,1,41.0,4,48948,60396,11448,61,False,1,Norwich,Wolves,DEF,0
Tom Cleverley,0,0,0,0,0.0,371,179,0,0,0.0,0.0,2019-12-22T14:00:00Z,0,0,0,0,0,18,0,8558,0,2,0.0,0,-418,12,430,48,True,0,Man Utd,Watford,MID,0
Jordan Ayew,0,0,13,0,46.8,468,176,1,0,9.0,21.6,2019-12-21T15:00:00Z,90,0,0,0,0,18,0,473577,0,1,22.0,2,-27428,10774,38202,50,False,0,Newcastle,Crystal Palace,FWD,0
Tom Davies,0,0,3,1,12.3,154,174,0,0,2.7,5.8,2019-12-21T12:30:00Z,90,0,0,0,0,18,0,11469,0,0,9.0,2,18,551,533,53,True,1,Arsenal,Everton,MID,0
Matej Vydra,0,0,0,0,0.0,92,172,0,0,0.0,0.0,2019-12-21T15:00:00Z,0,0,0,0,0,18,0,4072,1,0,0.0,0,-35,78,113,53,False,0,Bournemouth,Burnley,FWD,0
Jack Stacey,0,0,13,0,11.9,446,172,1,0,3.1,13.2,2019-12-21T15:00:00Z,90,0,0,0,0,18,0,7208,1,0,6.0,2,633,751,118,43,True,0,Burnley,Bournemouth,DEF,0
Fernandinho,0,0,16,0,1.9,221,175,1,0,2.1,19.2,2019-12-21T17:30:00Z,90,0,0,0,0,18,0,48822,1,3,0.0,2,106,1479,1373,52,True,0,Leicester,Man City,MID,0
Tammy Abraham,0,0,0,1,2.2,460,178,0,0,3.5,0.0,2019-12-22T16:30:00Z,79,0,0,0,0,18,0,2525376,2,0,34.0,2,-136931,46506,183437,79,False,0,Spurs,Chelsea,FWD,0
Diogo Dalot,0,0,0,0,0.0,229,179,0,0,0.0,0.0,2019-12-22T14:00:00Z,0,0,0,0,0,18,0,5724,0,2,0.0,0,-52,6,58,49,False,0,Watford,Man Utd,DEF,0
Matty James,0,0,0,0,0.0,177,175,0,0,0.0,0.0,2019-12-21T17:30:00Z,0,0,0,0,0,18,0,11277,1,3,0.0,0,-284,132,416,43,False,0,Man City,Leicester,MID,0
Marcos Alonso,1,2,34,1,19.1,103,178,0,0,6.3,23.2,2019-12-22T16:30:00Z,90,0,0,0,0,18,0,174741,2,0,21.0,11,-6506,1687,8193,60,False,0,Spurs,Chelsea,DEF,0
Henrikh Mkhitaryan,0,0,0,0,0.0,16,174,0,0,0.0,0.0,2019-12-21T12:30:00Z,0,0,0,0,0,18,0,57407,0,0,0.0,0,-298,17,315,68,False,0,Everton,Arsenal,MID,0
Gerard Deulofeu,0,0,19,1,14.4,363,179,0,0,7.7,20.8,2019-12-22T14:00:00Z,90,0,0,0,0,18,0,145154,0,2,42.0,2,-6047,3108,9155,61,True,0,Man Utd,Watford,FWD,0
Luke Cundle,0,0,0,0,0.0,567,177,0,0,0.0,0.0,2019-12-21T15:00:00Z,0,0,0,0,0,18,0,704,2,1,0.0,0,78,174,96,45,False,0,Norwich,Wolves,MID,0
Dwight McNeil,0,0,1,1,4.8,97,172,0,0,0.6,1.0,2019-12-21T15:00:00Z,81,0,0,0,0,18,0,53856,1,0,0.0,2,-1950,3300,5250,60,False,1,Bournemouth,Burnley,MID,0
Aaron Lennon,0,0,1,0,0.6,430,172,0,0,0.1,0.4,2019-12-21T15:00:00Z,25,0,0,0,0,18,0,6598,1,0,0.0,1,-97,92,189,47,False,0,Bournemouth,Burnley,MID,0
Morgan Gibbs-White,0,0,0,0,0.0,416,177,0,0,0.0,0.0,2019-12-21T15:00:00Z,0,0,0,0,0,18,0,3996,2,1,0.0,0,-104,14,118,47,False,0,Norwich,Wolves,MID,0
Craig Dawson,0,0,0,0,0.0,439,179,0,0,0.0,0.0,2019-12-22T14:00:00Z,0,0,0,0,0,18,0,10943,0,2,0.0,0,-58,121,179,48,True,0,Man Utd,Watford,DEF,0
Calum Chambers,0,3,29,1,10.7,467,174,0,0,4.2,25.2,2019-12-21T12:30:00Z,90,0,0,0,0,18,0,90363,0,0,6.0,8,-3352,1767,5119,44,False,1,Everton,Arsenal,DEF,0
Karl Darlow,0,0,0,0,0.0,263,176,0,0,0.0,0.0,2019-12-21T15:00:00Z,0,0,0,0,0,18,0,8675,0,1,0.0,0,-128,46,174,43,True,0,Crystal Palace,Newcastle,GK,0
Mario Vrancic,0,0,3,0,0.2,282,177,0,0,0.1,0.4,2019-12-21T15:00:00Z,4,0,0,0,0,18,0,4767,2,1,0.0,1,30,114,84,62,True,0,Wolves,Norwich,MID,0
Federico Fernández,0,0,26,1,0.1,254,176,0,0,1.9,19.2,2019-12-21T15:00:00Z,90,0,0,0,0,18,0,46256,0,1,0.0,6,7555,9784,2229,44,True,0,Crystal Palace,Newcastle,DEF,0
Richard Stearman,0,0,0,0,0.0,296,173,0,0,0.0,0.0,2019-12-21T15:00:00Z,0,0,0,0,0,18,0,163219,1,0,0.0,0,-3109,1209,4318,40,False,0,Brighton,Sheffield Utd,DEF,0
Luke Freeman,0,0,4,0,5.9,441,173,0,0,0.8,2.2,2019-12-21T15:00:00Z,52,0,0,0,0,18,0,4976,1,0,0.0,1,-3,190,193,51,False,0,Brighton,Sheffield Utd,MID,0
Tyrick Mitchell,0,0,0,0,0.0,579,176,0,0,0.0,0.0,2019-12-21T15:00:00Z,0,0,0,0,0,18,0,376,0,1,0.0,0,141,158,17,40,False,0,Newcastle,Crystal Palace,DEF,0
Sam Gallagher,0,0,0,0,0.0,316,171,0,0,0.0,0.0,2019-12-21T15:00:00Z,0,0,0,0,0,18,0,2467,3,1,0.0,0,-36,48,84,45,False,0,Aston Villa,Southampton,FWD,0
Willy Caballero,0,0,0,0,0.0,112,178,0,0,0.0,0.0,2019-12-22T16:30:00Z,0,0,0,0,0,18,0,14927,2,0,0.0,0,-141,53,194,48,False,0,Spurs,Chelsea,GK,0
Kyle Walker-Peters,0,0,0,0,0.0,337,178,0,0,0.0,0.0,2019-12-22T16:30:00Z,0,0,0,0,0,18,0,41144,2,0,0.0,0,-971,261,1232,44,True,0,Chelsea,Southampton,DEF,0
N'Golo Kanté,0,0,14,1,18.1,119,178,0,0,3.8,10.6,2019-12-22T16:30:00Z,90,0,0,0,0,18,0,338242,2,0,9.0,3,-3650,9964,13614,50,False,0,Spurs,Chelsea,MID,0
Ilkay Gündogan,0,2,32,0,14.8,222,175,1,1,7.2,37.6,2019-12-21T17:30:00Z,78,0,0,0,0,18,0,89998,1,3,20.0,8,-971,1680,2651,52,True,1,Leicester,Man City,MID,0
Eric Garcia,0,0,0,0,0.0,544,175,0,0,0.0,0.0,2019-12-21T17:30:00Z,0,0,0,0,0,18,0,1892,1,3,0.0,0,18,131,113,45,True,0,Leicester,Man City,DEF,0
Vicente Guaita,0,0,13,0,0.0,131,176,1,0,1.5,15.4,2019-12-21T15:00:00Z,90,0,0,0,0,18,2,239940,0,1,0.0,2,42633,49283,6650,51,False,0,Newcastle,Crystal Palace,GK,0
Lloyd Kelly,0,0,0,0,0.0,64,172,0,0,0.0,0.0,2019-12-21T15:00:00Z,0,0,0,0,0,18,0,3787,1,0,0.0,0,-239,147,386,44,True,0,Burnley,Bournemouth,DEF,0
Jürgen Locadia,0,0,0,0,0.0,45,173,0,0,0.0,0.0,2019-12-21T15:00:00Z,0,0,0,0,0,18,0,5733,1,0,0.0,0,-71,23,94,52,True,0,Sheffield Utd,Brighton,FWD,0
Max Meyer,0,0,0,0,0.1,136,176,0,0,0.3,0.0,2019-12-21T15:00:00Z,4,0,0,0,0,18,0,5951,0,1,6.0,1,-68,35,103,52,False,0,Newcastle,Crystal Palace,MID,0
Matt Targett,0,0,13,0,27.9,309,171,3,0,4.8,19.6,2019-12-21T15:00:00Z,90,0,0,0,0,18,0,123272,3,1,0.0,1,35517,39977,4460,44,True,0,Southampton,Aston Villa,DEF,0
Johann Berg Gudmundsson,0,0,0,0,0.0,96,172,0,0,0.0,0.0,2019-12-21T15:00:00Z,0,0,0,0,0,18,0,31726,1,0,0.0,0,-371,3,374,59,False,0,Bournemouth,Burnley,MID,0
Jay Rodriguez,0,3,32,0,0.0,451,172,0,1,5.2,35.0,2019-12-21T15:00:00Z,15,0,0,0,0,18,0,15205,1,0,17.0,8,-331,183,514,57,False,0,Bournemouth,Burnley,FWD,0
Ayotomiwa Dele-Bashiru,0,0,0,0,0.0,563,179,0,0,0.0,0.0,2019-12-22T14:00:00Z,0,0,0,0,0,18,0,266,0,2,0.0,0,-1,39,40,45,True,0,Man Utd,Watford,MID,0
Andreas Pereira,0,0,0,0,0.0,246,179,0,0,0.0,0.0,2019-12-22T14:00:00Z,0,0,0,0,0,18,0,33797,0,2,0.0,0,-2944,485,3429,50,False,0,Watford,Man Utd,MID,0
Enda Stevens,0,0,18,1,27.4,291,173,0,0,4.4,16.8,2019-12-21T15:00:00Z,90,0,0,0,0,18,0,196147,1,0,0.0,5,15282,20814,5532,51,False,1,Brighton,Sheffield Utd,DEF,0
James McArthur,0,0,13,0,14.3,138,176,1,0,10.5,18.0,2019-12-21T15:00:00Z,85,0,0,0,0,18,0,52545,0,1,73.0,2,-144,2069,2213,52,False,0,Newcastle,Crystal Palace,MID,0
Kevin Long,0,0,0,0,0.0,88,172,0,0,0.0,0.0,2019-12-21T15:00:00Z,0,0,0,0,0,18,0,7974,1,0,0.0,0,-278,9,287,43,False,0,Bournemouth,Burnley,DEF,0
Aymeric Laporte,0,0,0,0,0.0,202,175,0,0,0.0,0.0,2019-12-21T17:30:00Z,0,0,0,0,0,18,0,143667,1,3,0.0,0,-1041,213,1254,63,True,0,Leicester,Man City,DEF,0
Oliver Norwood,0,0,13,1,15.2,302,173,0,0,3.2,16.4,2019-12-21T15:00:00Z,81,0,0,0,0,18,0,21998,1,0,0.0,3,439,1755,1316,49,False,0,Brighton,Sheffield Utd,MID,0
Cédric Soares,0,0,8,0,1.4,486,171,1,0,1.8,8.6,2019-12-21T15:00:00Z,90,0,0,0,0,18,0,13532,3,1,8.0,2,139,411,272,48,False,0,Aston Villa,Arsenal,DEF,0
Lys Mousset,0,0,1,0,0.1,70,173,0,0,0.2,0.0,2019-12-21T15:00:00Z,27,0,0,0,0,18,0,416588,1,0,3.0,1,-30006,26660,56666,51,False,0,Brighton,Sheffield Utd,FWD,0
Adam Webster,0,0,11,0,6.4,493,173,1,0,1.8,5.2,2019-12-21T15:00:00Z,90,0,0,0,0,18,0,16011,1,0,6.0,2,1222,1840,618,44,True,0,Sheffield Utd,Brighton,DEF,0
Kayne Ramsay,0,0,0,0,0.0,311,171,0,0,0.0,0.0,2019-12-21T15:00:00Z,0,0,0,0,0,18,0,118213,3,1,0.0,0,3221,7342,4121,39,False,0,Aston Villa,Southampton,DEF,0
Abdoulaye Doucouré,0,0,2,1,2.5,368,179,0,0,1.3,2.2,2019-12-22T14:00:00Z,68,0,0,0,0,18,0,63367,0,2,8.0,2,-886,1084,1970,56,True,1,Man Utd,Watford,MID,0
James Tarkowski,0,0,21,1,0.1,84,172,0,0,2.1,14.6,2019-12-21T15:00:00Z,90,0,0,0,0,18,0,329232,1,0,6.0,6,33145,42861,9716,51,False,0,Bournemouth,Burnley,DEF,0
Yan Valery,0,0,0,0,0.0,306,171,0,0,0.0,0.0,2019-12-21T15:00:00Z,0,0,0,0,0,18,0,11830,3,1,0.0,0,-751,16,767,46,False,0,Aston Villa,Southampton,DEF,0
Kieran Trippier,0,0,0,0,0.0,334,178,0,0,0.0,0.0,2019-12-22T16:30:00Z,0,0,0,0,0,18,0,9810,2,0,0.0,0,-26,62,88,55,True,0,Chelsea,Spurs,DEF,0
Nacho Monreal,0,0,0,0,0.0,6,174,0,0,0.0,0.0,2019-12-21T12:30:00Z,0,0,0,0,0,18,0,18979,0,0,0.0,0,-180,9,189,50,False,0,Everton,Arsenal,DEF,0
Kieran Tierney,0,0,0,0,0.0,515,174,0,0,0.0,0.0,2019-12-21T12:30:00Z,0,0,0,0,0,18,0,32904,0,0,0.0,0,-7289,21,7310,54,False,0,Everton,Arsenal,DEF,0
Lucas Torreira,0,0,18,1,13.2,19,174,0,0,4.2,28.6,2019-12-21T12:30:00Z,90,0,0,0,0,18,0,86124,0,0,0.0,3,-770,1585,2355,47,False,0,Everton,Arsenal,MID,0
Mohamed Elyounoussi,0,0,0,0,0.0,322,171,0,0,0.0,0.0,2019-12-21T15:00:00Z,0,0,0,0,0,18,0,1833,3,1,0.0,0,-22,6,28,53,False,0,Aston Villa,Southampton,MID,0
Moise Kean,0,0,1,0,0.1,496,174,0,0,0.0,0.0,2019-12-21T12:30:00Z,10,0,0,0,0,18,0,104531,0,0,0.0,1,-918,686,1604,64,True,0,Arsenal,Everton,FWD,0
Ross Barkley,0,0,0,0,0.0,117,178,0,0,0.0,0.0,2019-12-22T16:30:00Z,0,0,0,0,0,18,0,93092,2,0,0.0,0,-637,328,965,56,False,0,Spurs,Chelsea,MID,0
Todd Cantwell,0,3,33,0,4.9,287,177,2,1,6.3,41.4,2019-12-21T15:00:00Z,86,0,0,0,0,18,0,1400304,2,1,17.0,10,13998,72425,58427,47,True,0,Wolves,Norwich,MID,0
Ben Godfrey,0,0,0,0,0.0,273,177,0,0,0.0,0.0,2019-12-21T15:00:00Z,0,0,0,0,0,18,0,14826,2,1,0.0,0,-572,443,1015,44,True,0,Wolves,Norwich,DEF,0
Héctor Bellerín,0,0,0,0,0.0,2,174,0,0,0.0,0.0,2019-12-21T12:30:00Z,0,0,0,0,0,18,0,18706,0,0,0.0,0,-2091,75,2166,54,False,0,Everton,Arsenal,DEF,0
Toby Alderweireld,0,0,14,0,0.3,331,178,2,0,1.9,18.6,2019-12-22T16:30:00Z,90,0,0,0,0,18,0,406824,2,0,0.0,0,1824,12385,10561,54,True,1,Chelsea,Spurs,DEF,0
Hamza Choudhury,0,0,0,0,0.0,180,175,0,0,0.0,0.0,2019-12-21T17:30:00Z,0,0,0,0,0,18,0,60182,1,3,0.0,0,3746,7171,3425,43,False,0,Man City,Leicester,MID,0
Jamaal Lascelles,0,0,0,0,0.0,258,176,0,0,0.0,0.0,2019-12-21T15:00:00Z,0,0,0,0,0,18,0,195218,0,1,0.0,0,-15786,214,16000,43,True,0,Crystal Palace,Newcastle,DEF,0
Shane Duffy,0,0,0,0,0.0,37,173,0,0,0.0,0.0,2019-12-21T15:00:00Z,0,0,0,0,0,18,0,74665,1,0,0.0,0,-675,1353,2028,48,True,0,Sheffield Utd,Brighton,DEF,0
Juan Mata,0,0,3,0,19.7,242,179,0,0,2.3,2.0,2019-12-22T14:00:00Z,18,0,0,0,0,18,0,23703,0,2,1.0,1,-125,276,401,62,False,0,Watford,Man Utd,MID,0
Conor Hourihane,0,0,3,0,2.8,28,171,3,0,1.0,2.4,2019-12-21T15:00:00Z,55,0,0,0,0,18,0,11731,3,1,5.0,1,-77,994,1071,57,True,0,Southampton,Aston Villa,MID,0
Tom Heaton,0,0,20,0,0.0,94,171,3,0,3.0,30.0,2019-12-21T15:00:00Z,90,0,0,0,0,18,5,385528,3,1,0.0,2,3355,10474,7119,45,True,0,Southampton,Aston Villa,GK,0
Angel Gomes,0,0,0,0,0.0,245,179,0,0,0.0,0.0,2019-12-22T14:00:00Z,0,0,0,0,0,18,0,6493,0,2,0.0,0,-38,143,181,48,False,0,Watford,Man Utd,MID,0
Ruben Loftus-Cheek,0,0,0,0,0.0,115,178,0,0,0.0,0.0,2019-12-22T16:30:00Z,0,0,0,0,0,18,0,3754,2,0,0.0,0,-20,27,47,63,False,0,Spurs,Chelsea,MID,0
Brandon Austin,0,0,0,0,0.0,558,178,0,0,0.0,0.0,2019-12-22T16:30:00Z,0,0,0,0,0,18,0,11817,2,0,0.0,0,1190,1759,569,40,True,0,Chelsea,Spurs,GK,0
John Stones,0,0,0,0,0.0,207,175,0,0,0.0,0.0,2019-12-21T17:30:00Z,0,0,0,0,0,18,0,77315,1,3,0.0,0,-6576,65,6641,53,True,0,Leicester,Man City,DEF,0
Jamal Lewis,0,0,0,0,0.0,276,177,0,0,0.0,0.0,2019-12-21T15:00:00Z,0,0,0,0,0,18,0,18616,2,1,0.0,0,-331,323,654,45,True,0,Wolves,Norwich,DEF,0
Gary Cahill,0,0,0,0,0.0,503,176,0,0,0.0,0.0,2019-12-21T15:00:00Z,0,0,0,0,0,18,0,107524,0,1,0.0,0,-13774,2660,16434,45,False,0,Newcastle,Crystal Palace,DEF,0
Mamadou Sakho,0,0,0,0,0.0,125,176,0,0,0.0,0.0,2019-12-21T15:00:00Z,0,0,0,0,0,18,0,5034,0,1,0.0,0,-122,23,145,50,False,0,Newcastle,Crystal Palace,DEF,0
Sam Woods,0,0,0,0,0.0,578,176,0,0,0.0,0.0,2019-12-21T15:00:00Z,0,0,0,0,0,18,0,998,0,1,0.0,0,468,530,62,40,False,0,Newcastle,Crystal Palace,DEF,0
Beni Baningime,0,0,0,0,0.0,557,174,0,0,0.0,0.0,2019-12-21T12:30:00Z,0,0,0,0,0,18,0,352,0,0,0.0,0,-31,14,45,45,True,0,Arsenal,Everton,MID,0
Chris Wood,0,0,-1,1,1.7,91,172,0,0,0.0,0.0,2019-12-21T15:00:00Z,90,0,0,0,0,18,0,72502,1,0,2.0,2,2615,8738,6123,62,False,0,Bournemouth,Burnley,FWD,0
Juan Foyth,0,0,0,0,0.0,335,178,0,0,0.0,0.0,2019-12-22T16:30:00Z,0,0,0,0,0,18,0,2791,2,0,0.0,0,-9,97,106,49,True,0,Chelsea,Spurs,DEF,0
Matthew Lowton,0,0,0,0,0.0,85,172,0,0,0.0,0.0,2019-12-21T15:00:00Z,0,0,0,0,0,18,0,36973,1,0,0.0,0,-3676,159,3835,44,False,0,Bournemouth,Burnley,DEF,0
Dominic Solanke,0,0,3,0,0.3,69,172,1,0,0.0,0.0,2019-12-21T15:00:00Z,4,0,0,0,0,18,0,24798,1,0,0.0,1,-72,679,751,52,True,0,Burnley,Bournemouth,FWD,0
Harry Wilson,0,0,0,0,0.0,505,172,0,0,0.0,0.0,2019-12-21T15:00:00Z,0,0,0,0,0,18,0,178061,1,0,0.0,0,-38355,4922,43277,60,True,0,Burnley,Bournemouth,MID,0
Jonas Lössl,0,0,0,0,0.0,479,174,0,0,0.0,0.0,2019-12-21T12:30:00Z,0,0,0,0,0,18,0,21723,0,0,0.0,0,-367,41,408,43,True,0,Arsenal,Everton,GK,0
Alexander Tettey,0,0,11,0,4.6,289,177,2,0,3.2,12.6,2019-12-21T15:00:00Z,86,0,0,0,0,18,0,23649,2,1,15.0,2,2473,4132,1659,45,True,0,Wolves,Norwich,MID,0
Maarten Stekelenburg,0,0,0,0,0.0,149,174,0,0,0.0,0.0,2019-12-21T12:30:00Z,0,0,0,0,0,18,0,588317,0,0,0.0,0,-3359,2118,5477,40,True,0,Arsenal,Everton,GK,0
Christian Atsu,0,0,0,0,0.0,267,176,0,0,0.0,0.0,2019-12-21T15:00:00Z,0,0,0,0,0,18,0,9902,0,1,0.0,0,39,430,391,54,True,0,Crystal Palace,Newcastle,MID,0
Ben Chilwell,0,0,10,0,1.0,161,175,3,0,1.3,11.6,2019-12-21T17:30:00Z,90,0,0,0,0,18,0,893028,1,3,0.0,1,-36121,17381,53502,58,False,0,Man City,Leicester,DEF,0
Jeffrey Schlupp,0,0,0,0,0.0,137,176,0,0,0.0,0.0,2019-12-21T15:00:00Z,0,0,0,0,0,18,0,9152,0,1,0.0,0,-3005,51,3056,55,False,0,Newcastle,Crystal Palace,MID,0
Carl Jenkinson,0,0,0,0,0.0,9,174,0,0,0.0,0.0,2019-12-21T12:30:00Z,0,0,0,0,0,18,0,1618,0,0,0.0,0,-10,8,18,45,False,0,Everton,Arsenal,DEF,0
Muhamed Bešić,0,0,4,0,0.0,522,173,0,0,0.0,0.4,2019-12-21T15:00:00Z,8,0,0,0,0,18,0,10726,1,0,0.0,1,-52,274,326,44,False,0,Brighton,Sheffield Utd,MID,0
Neal Maupay,0,0,5,0,1.6,502,173,1,0,1.6,0.2,2019-12-21T15:00:00Z,90,0,0,0,0,18,0,133174,1,0,14.0,2,36926,43345,6419,58,True,0,Sheffield Utd,Brighton,FWD,0
Adam Smith,0,0,0,0,0.0,63,172,0,0,0.0,0.0,2019-12-21T15:00:00Z,0,0,0,0,0,18,0,40590,1,0,0.0,0,-6484,41,6525,43,True,0,Burnley,Bournemouth,DEF,0
Jamie Vardy,0,3,37,0,15.5,166,175,3,1,8.9,42.2,2019-12-21T17:30:00Z,90,0,0,0,0,18,0,3654273,1,3,31.0,9,-12923,58937,71860,101,False,0,Man City,Leicester,FWD,0
Marc Albrighton,0,0,3,0,4.3,174,175,1,0,0.8,3.4,2019-12-21T17:30:00Z,26,0,0,0,0,18,0,11990,1,3,0.0,1,-216,96,312,52,False,0,Man City,Leicester,MID,0
Serge Aurier,0,0,18,0,17.6,336,178,2,0,5.1,29.6,2019-12-22T16:30:00Z,90,0,0,0,0,18,0,561620,2,0,4.0,1,48638,67046,18408,51,True,0,Chelsea,Spurs,DEF,0
Ashley Young,0,0,0,0,0.0,224,179,0,0,0.0,0.0,2019-12-22T14:00:00Z,0,0,0,0,0,18,0,26139,0,2,0.0,0,153,1075,922,54,False,0,Watford,Man Utd,DEF,0
Tudor Baluta,0,0,0,0,0.0,536,173,0,0,0.0,0.0,2019-12-21T15:00:00Z,0,0,0,0,0,18,0,17595,1,0,0.0,0,-10,800,810,40,True,0,Sheffield Utd,Brighton,DEF,0
Michael Verrips,0,0,0,0,0.0,521,173,0,0,0.0,0.0,2019-12-21T15:00:00Z,0,0,0,0,0,18,0,3023,1,0,0.0,0,-22,26,48,44,False,0,Brighton,Sheffield Utd,GK,0
Alex Iwobi,0,0,3,0,0.3,17,174,0,0,0.0,0.0,2019-12-21T12:30:00Z,10,0,0,0,0,18,0,83831,0,0,0.0,1,580,2796,2216,56,True,0,Arsenal,Everton,MID,0
Jeff Hendrick,0,0,4,1,0.1,100,172,0,0,0.2,0.0,2019-12-21T15:00:00Z,64,0,0,0,0,18,0,9694,1,0,2.0,2,52,527,475,54,False,1,Bournemouth,Burnley,MID,0
Adrian Mariappa,0,0,26,1,18.9,356,179,0,0,4.0,19.0,2019-12-22T14:00:00Z,90,0,0,0,0,18,0,11206,0,2,2.0,6,310,585,275,42,True,0,Man Utd,Watford,DEF,0
David Silva,0,0,0,0,0.0,219,175,0,0,0.0,0.0,2019-12-21T17:30:00Z,0,0,0,0,0,18,0,422908,1,3,0.0,0,-101396,2138,103534,75,True,0,Leicester,Man City,MID,0
Emiliano Martínez,0,0,0,0,0.0,427,174,0,0,0.0,0.0,2019-12-21T12:30:00Z,0,0,0,0,0,18,0,18073,0,0,0.0,0,-150,112,262,43,False,0,Everton,Arsenal,GK,0
Etienne Capoue,0,0,5,1,1.6,373,179,0,0,1.0,8.8,2019-12-22T14:00:00Z,76,0,0,0,0,18,0,20336,0,2,0.0,2,-188,380,568,48,True,1,Man Utd,Watford,MID,0
Jefferson Lerma,0,0,6,0,2.3,82,172,1,0,1.3,8.2,2019-12-21T15:00:00Z,90,0,0,0,0,18,0,11327,1,0,2.0,2,1846,2141,295,48,True,0,Burnley,Bournemouth,MID,0
Angus Gunn,0,0,0,0,0.0,319,171,0,0,0.0,0.0,2019-12-21T15:00:00Z,0,0,0,0,0,18,0,136725,3,1,0.0,0,-5211,882,6093,44,False,0,Aston Villa,Southampton,GK,0
Jesse Lingard,0,0,3,0,4.1,241,179,2,0,2.9,3.4,2019-12-22T14:00:00Z,63,0,0,0,0,18,0,58084,0,2,21.0,2,698,1893,1195,63,False,0,Watford,Man Utd,MID,0
Jose Luis Mato Sanmartín,0,0,0,0,0.0,261,176,0,0,0.0,0.0,2019-12-21T15:00:00Z,0,0,0,0,0,18,0,1975,0,1,0.0,0,-31,11,42,50,True,0,Crystal Palace,Newcastle,FWD,0
Michael McGovern,0,0,0,0,0.0,281,177,0,0,0.0,0.0,2019-12-21T15:00:00Z,0,0,0,0,0,18,0,491975,2,1,0.0,0,759,8634,7875,40,True,0,Wolves,Norwich,GK,0
Jonathan Kodjia,0,0,1,0,10.7,26,171,0,0,1.8,1.2,2019-12-21T15:00:00Z,34,0,0,0,0,18,0,6731,3,1,6.0,0,151,318,167,54,True,1,Southampton,Aston Villa,FWD,0
Oliver McBurnie,0,2,33,1,3.1,501,173,0,1,5.5,34.8,2019-12-21T15:00:00Z,62,0,0,0,0,18,0,8811,1,0,17.0,8,-277,418,695,57,False,0,Brighton,Sheffield Utd,FWD,0
Bernard,0,0,0,0,0.0,152,174,0,0,0.0,0.0,2019-12-21T12:30:00Z,0,0,0,0,0,18,0,46415,0,0,0.0,0,399,1038,639,64,True,0,Arsenal,Everton,MID,0
Ørjan Nyland,0,0,0,0,0.0,27,171,0,0,0.0,0.0,2019-12-21T15:00:00Z,0,0,0,0,0,18,0,10940,3,1,0.0,0,-129,125,254,43,True,0,Southampton,Aston Villa,GK,0
Aaron Mooy,0,0,12,0,32.8,516,173,1,0,7.4,18.4,2019-12-21T15:00:00Z,90,0,0,0,0,18,0,14666,1,0,23.0,2,1108,1808,700,48,True,0,Sheffield Utd,Brighton,MID,0
Harry Lewis,0,0,0,0,0.0,548,171,0,0,0.0,0.0,2019-12-21T15:00:00Z,0,0,0,0,0,18,0,9296,3,1,0.0,0,563,846,283,40,False,0,Aston Villa,Southampton,GK,0
Harry Maguire,0,0,14,0,2.0,160,179,2,0,4.3,23.6,2019-12-22T14:00:00Z,90,0,0,0,0,18,0,807788,0,2,17.0,1,12290,27249,14959,53,False,0,Watford,Man Utd,DEF,0
Michael Obafemi,0,0,3,0,0.0,314,171,0,0,0.0,0.0,2019-12-21T15:00:00Z,8,0,0,0,0,18,0,12623,3,1,0.0,1,-278,179,457,49,False,0,Aston Villa,Southampton,FWD,0
Ryan Sessegnon,0,0,0,0,0.0,524,178,0,0,0.0,0.0,2019-12-22T16:30:00Z,0,0,0,0,0,18,0,4967,2,0,0.0,0,32,226,194,54,True,0,Chelsea,Spurs,MID,0
Robbie Brady,0,0,3,0,0.0,98,172,0,0,0.0,0.2,2019-12-21T15:00:00Z,8,0,0,0,0,18,0,3402,1,0,0.0,1,-63,140,203,55,False,0,Bournemouth,Burnley,MID,0
Emiliano Buendía,0,2,31,0,114.1,283,177,2,0,14.5,29.4,2019-12-21T15:00:00Z,90,0,0,0,0,18,0,56766,2,1,1.0,4,381,2001,1620,60,True,0,Wolves,Norwich,MID,0
Idrissa Gueye,0,0,0,0,0.0,156,174,0,0,0.0,0.0,2019-12-21T12:30:00Z,0,0,0,0,0,18,0,1299,0,0,0.0,0,-7,7,14,50,True,0,Arsenal,Everton,MID,0
Nicolas Pépé,0,0,0,0,0.0,488,174,0,0,0.0,0.0,2019-12-21T12:30:00Z,0,0,0,0,0,18,0,168151,0,0,0.0,0,3785,7454,3669,91,False,0,Everton,Arsenal,MID,0
Aaron Connolly,0,0,-1,0,1.0,534,173,0,0,2.4,2.2,2019-12-21T15:00:00Z,45,0,0,0,0,18,0,119562,1,0,21.0,1,-20915,1982,22897,46,True,0,Sheffield Utd,Brighton,FWD,0
Yerry Mina,0,0,27,1,10.8,142,174,0,0,4.5,12.2,2019-12-21T12:30:00Z,90,0,0,0,0,18,0,148265,0,0,22.0,6,-32,2693,2725,53,True,0,Arsenal,Everton,DEF,0
Chris Basham,0,0,20,1,0.6,423,173,0,0,1.8,17.2,2019-12-21T15:00:00Z,90,0,0,0,0,18,0,46796,1,0,0.0,5,7394,8658,1264,45,False,1,Brighton,Sheffield Utd,DEF,0
Erik Pieters,0,0,0,0,0.0,447,172,0,0,0.0,0.0,2019-12-21T15:00:00Z,0,0,0,0,0,18,0,468320,1,0,0.0,0,-490,7882,8372,45,False,0,Bournemouth,Burnley,DEF,0
Mason Greenwood,0,0,3,0,1.6,234,179,0,0,1.0,0.2,2019-12-22T14:00:00Z,32,0,0,0,0,18,0,763988,0,2,8.0,1,27683,58543,30860,43,False,0,Watford,Man Utd,FWD,0
Timm Klose,0,0,0,0,0.0,272,177,0,0,0.0,0.0,2019-12-21T15:00:00Z,0,0,0,0,0,18,0,2105,2,1,0.0,0,-26,27,53,43,True,0,Wolves,Norwich,DEF,0
Davy Pröpper,0,0,10,0,13.0,54,173,1,0,4.3,8.2,2019-12-21T15:00:00Z,90,0,0,0,0,18,0,27074,1,0,22.0,2,-35,772,807,49,True,0,Sheffield Utd,Brighton,MID,0
Jan Bednarek,0,0,11,0,0.1,307,171,1,0,1.6,12.0,2019-12-21T15:00:00Z,90,0,0,0,0,18,0,48463,3,1,4.0,2,-1021,480,1501,44,False,0,Aston Villa,Southampton,DEF,0
Dele Alli,0,0,8,0,3.1,344,178,2,0,0.9,5.8,2019-12-22T16:30:00Z,90,0,0,0,0,18,0,999231,2,0,0.0,1,75457,129261,53804,88,True,1,Chelsea,Spurs,MID,0
Andre Green,0,0,0,0,0.0,32,171,0,0,0.0,0.0,2019-12-21T15:00:00Z,0,0,0,0,0,18,0,780,3,1,0.0,0,-11,8,19,49,True,0,Southampton,Aston Villa,MID,0
Marc Navarro,0,0,0,0,0.0,360,179,0,0,0.0,0.0,2019-12-22T14:00:00Z,0,0,0,0,0,18,0,27331,0,2,0.0,0,-925,1171,2096,39,True,0,Man Utd,Watford,DEF,0
Pascal Groß,0,0,2,0,5.1,49,173,1,0,0.5,0.0,2019-12-21T15:00:00Z,45,0,0,0,0,18,0,42873,1,0,0.0,1,2416,3841,1425,64,True,0,Sheffield Utd,Brighton,MID,0
Mark Travers,0,0,0,0,0.0,74,172,0,0,0.0,0.0,2019-12-21T15:00:00Z,0,0,0,0,0,18,0,11353,1,0,0.0,0,-117,27,144,43,True,0,Burnley,Bournemouth,GK,0
Owen Otasowie,0,0,0,0,0.0,566,177,0,0,0.0,0.0,2019-12-21T15:00:00Z,0,0,0,0,0,18,0,236,2,1,0.0,0,4,47,43,45,False,0,Norwich,Wolves,MID,0
Anwar El Ghazi,0,0,1,0,28.9,30,171,3,0,7.1,6.8,2019-12-21T15:00:00Z,67,0,0,0,0,18,0,91519,3,1,35.0,1,7436,12716,5280,55,True,1,Southampton,Aston Villa,MID,0
Moussa Sissoko,0,0,10,0,13.8,349,178,2,0,2.6,10.6,2019-12-22T16:30:00Z,90,0,0,0,0,18,0,161480,2,0,2.0,1,6967,14174,7207,49,True,1,Chelsea,Spurs,MID,0
Jed Steer,0,0,0,0,0.0,429,171,0,0,0.0,0.0,2019-12-21T15:00:00Z,0,0,0,0,0,18,0,7197,3,1,0.0,0,-139,24,163,44,True,0,Southampton,Aston Villa,GK,0
David McGoldrick,0,0,2,1,2.7,303,173,0,0,2.3,3.8,2019-12-21T15:00:00Z,90,0,0,0,0,18,0,18578,1,0,16.0,1,625,1808,1183,54,False,1,Brighton,Sheffield Utd,FWD,0
Rhu-endly Martina,0,0,0,0,0.0,577,174,0,0,0.0,0.0,2019-12-21T12:30:00Z,0,0,0,0,0,18,0,711,0,0,0.0,0,253,282,29,40,True,0,Arsenal,Everton,DEF,0
Kenedy,0,0,0,0,0.0,462,178,0,0,0.0,0.0,2019-12-22T16:30:00Z,0,0,0,0,0,18,0,2465,2,0,0.0,0,-21,10,31,53,False,0,Spurs,Chelsea,MID,0
Phil Jones,0,0,0,0,0.0,231,179,0,0,0.0,0.0,2019-12-22T14:00:00Z,0,0,0,0,0,18,0,10493,0,2,0.0,0,-24,237,261,48,False,0,Watford,Man Utd,DEF,0
Isaac Success,0,0,3,0,0.0,365,179,0,0,0.1,1.0,2019-12-22T14:00:00Z,3,0,0,0,0,18,0,26308,0,2,0.0,1,-364,257,621,48,True,0,Man Utd,Watford,FWD,0
Troy Deeney,0,0,24,1,4.9,362,179,0,1,11.5,32.8,2019-12-22T14:00:00Z,90,0,0,0,0,18,0,38337,0,2,77.0,6,46,714,668,62,True,0,Man Utd,Watford,FWD,0
Oliver Skipp,0,0,0,0,0.0,352,178,0,0,0.0,0.0,2019-12-22T16:30:00Z,0,0,0,0,0,18,0,32549,2,0,0.0,0,-675,204,879,44,True,0,Chelsea,Spurs,MID,0
Willian,0,3,60,1,70.3,113,178,0,2,19.4,87.2,2019-12-22T16:30:00Z,90,0,0,0,0,18,0,136587,2,0,36.0,16,-11008,4375,15383,70,False,0,Spurs,Chelsea,MID,0
Jack Stephens,0,2,36,0,10.5,308,171,1,1,9.3,61.6,2019-12-21T15:00:00Z,90,0,0,0,0,18,0,9566,3,1,21.0,10,384,819,435,43,False,0,Aston Villa,Southampton,DEF,0
Luka Milivojevic,0,0,13,0,26.7,134,176,1,0,6.5,21.4,2019-12-21T15:00:00Z,90,0,0,0,0,18,0,173438,0,1,17.0,2,-2118,2028,4146,67,False,0,Newcastle,Crystal Palace,MID,0
Kevin De Bruyne,1,0,28,0,86.6,215,175,1,0,19.1,48.8,2019-12-21T17:30:00Z,90,0,0,0,0,18,0,3240793,1,3,56.0,4,425666,442475,16809,103,True,1,Leicester,Man City,MID,0
Granit Xhaka,0,0,14,1,4.3,18,174,0,0,1.4,9.6,2019-12-21T12:30:00Z,90,0,0,0,0,18,0,43798,0,0,0.0,3,-1130,151,1281,51,False,0,Everton,Arsenal,MID,0
Conor Coady,0,0,12,0,0.1,403,177,1,0,0.5,5.2,2019-12-21T15:00:00Z,90,0,0,0,0,18,0,113411,2,1,0.0,2,3370,6312,2942,50,False,0,Norwich,Wolves,DEF,0
Christian Fuchs,0,0,0,0,0.0,163,175,0,0,0.0,0.0,2019-12-21T17:30:00Z,0,0,0,0,0,18,0,24576,1,3,0.0,0,-406,404,810,43,False,0,Man City,Leicester,DEF,0
Will Norris,0,0,0,0,0.0,413,177,0,0,0.0,0.0,2019-12-21T15:00:00Z,0,0,0,0,0,18,0,45437,2,1,0.0,0,-721,551,1272,40,False,0,Norwich,Wolves,GK,0
Bernard Ashley-Seal,0,0,0,0,0.0,559,177,0,0,0.0,0.0,2019-12-21T15:00:00Z,0,0,0,0,0,18,0,3124,2,1,0.0,0,-52,301,353,45,False,0,Norwich,Wolves,FWD,0
Anthony Knockaert,0,0,0,0,0.0,52,173,0,0,0.0,0.0,2019-12-21T15:00:00Z,0,0,0,0,0,18,0,663,1,0,0.0,0,-3,9,12,54,True,0,Sheffield Utd,Brighton,MID,0
Florian Lejeune,0,0,23,1,0.8,257,176,0,0,3.5,25.2,2019-12-21T15:00:00Z,90,0,0,0,0,18,0,471,0,1,9.0,6,7,35,28,44,True,0,Crystal Palace,Newcastle,DEF,0
Wayne Hennessey,0,0,0,0,0.0,132,176,0,0,0.0,0.0,2019-12-21T15:00:00Z,0,0,0,0,0,18,0,44766,0,1,0.0,0,-528,456,984,43,False,0,Newcastle,Crystal Palace,GK,0
Sean Longstaff,0,0,3,0,1.3,270,176,0,0,0.3,2.0,2019-12-21T15:00:00Z,26,0,0,0,0,18,0,19992,0,1,0.0,1,-16,352,368,50,True,0,Crystal Palace,Newcastle,MID,0
Ralf Fährmann,0,0,0,0,0.0,449,177,0,0,0.0,0.0,2019-12-21T15:00:00Z,0,0,0,0,0,18,0,23175,2,1,0.0,0,-179,98,277,44,True,0,Wolves,Norwich,GK,0
Ashley Barnes,0,0,-2,1,2.3,90,172,0,0,1.0,0.0,2019-12-21T15:00:00Z,74,0,0,0,0,18,0,224422,1,0,8.0,1,-5735,3841,9576,62,False,1,Bournemouth,Burnley,FWD,0
James McCarthy,0,0,8,0,2.9,157,176,1,0,1.4,8.0,2019-12-21T15:00:00Z,90,0,0,0,0,18,0,42168,0,1,3.0,2,-804,756,1560,44,False,0,Newcastle,Crystal Palace,MID,0
Jack Cork,0,0,6,1,1.8,102,172,0,0,0.9,6.8,2019-12-21T15:00:00Z,90,0,0,0,0,18,0,12976,1,0,0.0,3,-29,249,278,49,False,0,Bournemouth,Burnley,MID,0
Nathan Redmond,0,0,6,0,28.6,320,171,1,0,4.5,6.6,2019-12-21T15:00:00Z,90,0,0,0,0,18,0,41899,3,1,10.0,2,-939,662,1601,62,False,0,Aston Villa,Southampton,MID,0
Henri Lansbury,0,0,0,0,0.0,35,171,0,0,0.0,0.0,2019-12-21T15:00:00Z,0,0,0,0,0,18,0,36178,3,1,0.0,0,-1025,311,1336,44,True,0,Southampton,Aston Villa,MID,0
Tanguy Ndombele,0,0,5,0,11.8,442,178,0,0,1.7,5.2,2019-12-22T16:30:00Z,16,0,0,0,0,18,0,181050,2,0,0.0,1,-6377,145,6522,58,True,0,Chelsea,Spurs,MID,0
Jacob Murphy,0,0,0,0,0.0,483,176,0,0,0.0,0.0,2019-12-21T15:00:00Z,0,0,0,0,0,18,0,568,0,1,0.0,0,-3,4,7,48,True,0,Crystal Palace,Newcastle,MID,0
Alex McCarthy,0,0,20,0,0.0,318,171,1,0,3.1,30.8,2019-12-21T15:00:00Z,90,0,0,0,0,18,5,46916,3,1,0.0,3,1987,3699,1712,43,False,0,Aston Villa,Southampton,GK,0
Michy Batshuayi,0,0,3,0,1.3,461,178,0,0,0.7,4.2,2019-12-22T16:30:00Z,10,0,0,0,0,18,0,36790,2,0,1.0,1,-2219,581,2800,66,False,0,Spurs,Chelsea,FWD,0
Shkodran Mustafi,0,0,0,0,0.0,1,174,0,0,0.0,0.0,2019-12-21T12:30:00Z,0,0,0,0,0,18,0,23900,0,0,0.0,0,-205,190,395,52,False,0,Everton,Arsenal,DEF,0
Christian Pulisic,0,0,0,0,0.0,431,178,0,0,0.0,0.0,2019-12-22T16:30:00Z,0,0,0,0,0,18,0,748452,2,0,0.0,0,-161133,15621,176754,73,False,0,Spurs,Chelsea,MID,0
Rúben Vinagre,0,0,0,0,0.0,406,177,0,0,0.0,0.0,2019-12-21T15:00:00Z,0,0,0,0,0,18,0,15225,2,1,0.0,0,208,638,430,42,False,0,Norwich,Wolves,DEF,0
Sergio Romero,0,0,0,0,0.0,236,179,0,0,0.0,0.0,2019-12-22T14:00:00Z,0,0,0,0,0,18,0,12697,0,2,0.0,0,-157,47,204,48,False,0,Watford,Man Utd,GK,0
José Heriberto Izquierdo Mena,0,0,0,0,0.0,51,173,0,0,0.0,0.0,2019-12-21T15:00:00Z,0,0,0,0,0,18,0,162,1,0,0.0,0,-5,3,8,54,True,0,Sheffield Utd,Brighton,MID,0
Charlie Daniels,0,0,0,0,0.0,60,172,0,0,0.0,0.0,2019-12-21T15:00:00Z,0,0,0,0,0,18,0,5940,1,0,0.0,0,-127,8,135,43,True,0,Burnley,Bournemouth,DEF,0
Anthony Driscoll-Glennon,0,0,0,0,0.0,572,172,0,0,0.0,0.0,2019-12-21T15:00:00Z,0,0,0,0,0,18,0,1148,1,0,0.0,0,101,205,104,40,False,0,Bournemouth,Burnley,DEF,0
Marcus Rashford,0,0,5,0,39.0,233,179,2,0,8.6,15.2,2019-12-22T14:00:00Z,90,0,0,0,0,18,0,2175733,0,2,32.0,2,265465,289271,23806,91,False,0,Watford,Man Utd,FWD,0
Marvelous Nakamba,0,0,16,0,13.5,491,171,3,0,2.8,14.6,2019-12-21T15:00:00Z,82,0,0,0,0,18,0,72948,3,1,0.0,2,-3125,746,3871,44,True,0,Southampton,Aston Villa,MID,0
Hélder Costa,0,0,0,0,0.0,418,177,0,0,0.0,0.0,2019-12-21T15:00:00Z,0,0,0,0,0,18,0,1196,2,1,0.0,0,-29,22,51,49,False,0,Norwich,Wolves,MID,0
Matteo Guendouzi,0,0,0,0,0.0,21,174,0,0,0.0,0.0,2019-12-21T12:30:00Z,0,0,0,0,0,18,0,526244,0,0,0.0,0,-25241,6312,31553,45,False,0,Everton,Arsenal,MID,0
Mason Mount,0,0,9,1,16.8,463,178,0,0,4.2,5.6,2019-12-22T16:30:00Z,90,0,0,0,0,18,0,1729629,2,0,20.0,3,-171379,31200,202579,65,False,0,Spurs,Chelsea,MID,0
Stephen Henderson,0,0,0,0,0.0,556,176,0,0,0.0,0.0,2019-12-21T15:00:00Z,0,0,0,0,0,18,0,21313,0,1,0.0,0,1219,2069,850,40,False,0,Newcastle,Crystal Palace,GK,0
Konstantinos Mavropanos,0,0,0,0,0.0,8,174,0,0,0.0,0.0,2019-12-21T12:30:00Z,0,0,0,0,0,18,0,2978,0,0,0.0,0,-33,51,84,44,False,0,Everton,Arsenal,DEF,0
Tyreke Johnson,0,0,0,0,0.0,326,171,0,0,0.0,0.0,2019-12-21T15:00:00Z,0,0,0,0,0,18,0,1709,3,1,0.0,0,-186,43,229,44,False,0,Aston Villa,Southampton,MID,0
Youri Tielemans,0,0,11,0,12.3,448,175,3,0,1.8,4.0,2019-12-21T17:30:00Z,76,0,0,0,0,18,0,530042,1,3,2.0,2,-68727,8903,77630,65,False,0,Man City,Leicester,MID,0
Willy Boly,0,0,0,0,0.0,405,177,0,0,0.0,0.0,2019-12-21T15:00:00Z,0,0,0,0,0,18,0,164121,2,1,0.0,0,-7513,42,7555,48,False,0,Norwich,Wolves,DEF,0
Harvey Barnes,1,0,12,0,13.2,172,175,2,0,3.3,15.8,2019-12-21T17:30:00Z,63,0,0,0,0,18,0,55123,1,3,4.0,5,-11150,1057,12207,59,False,0,Man City,Leicester,MID,0
Mihai-Alexandru Dobre,0,0,0,0,0.0,574,172,0,0,0.0,0.0,2019-12-21T15:00:00Z,0,0,0,0,0,18,0,51,1,0,0.0,0,13,21,8,45,True,0,Burnley,Bournemouth,MID,0
Leander Dendoncker,0,0,12,0,1.0,420,177,1,0,1.2,10.8,2019-12-21T15:00:00Z,90,0,0,0,0,18,0,719869,2,1,0.0,2,1384,32491,31107,44,False,0,Norwich,Wolves,MID,0
Anthony Gordon,0,0,0,0,0.0,561,174,0,0,0.0,0.0,2019-12-21T12:30:00Z,0,0,0,0,0,18,0,1754,0,0,0.0,0,6,204,198,45,True,0,Arsenal,Everton,FWD,0
Sokratis,0,0,0,0,0.0,5,174,0,0,0.0,0.0,2019-12-21T12:30:00Z,0,0,0,0,0,18,0,100385,0,0,0.0,0,-9354,298,9652,49,False,0,Everton,Arsenal,DEF,0
Andreas Christensen,0,0,0,0,0.0,108,178,0,0,0.0,0.0,2019-12-22T16:30:00Z,0,0,0,0,0,18,0,42764,2,0,0.0,0,-674,386,1060,49,False,0,Spurs,Chelsea,DEF,0
Dominic Calvert-Lewin,0,0,7,1,3.3,147,174,0,0,3.1,5.6,2019-12-21T12:30:00Z,90,0,0,0,0,18,0,103969,0,0,22.0,2,18033,22838,4805,57,True,0,Arsenal,Everton,FWD,0
Kieron Freeman,0,0,0,0,0.0,292,173,0,0,0.0,0.0,2019-12-21T15:00:00Z,0,0,0,0,0,18,0,7039,1,0,0.0,0,-20,252,272,42,False,0,Brighton,Sheffield Utd,DEF,0
Luke Shaw,0,0,11,0,17.1,226,179,2,0,5.4,30.4,2019-12-22T14:00:00Z,90,0,0,0,0,18,0,50213,0,2,6.0,0,5935,6632,697,54,False,1,Watford,Man Utd,DEF,0
Danny Ward,0,0,0,0,0.0,170,175,0,0,0.0,0.0,2019-12-21T17:30:00Z,0,0,0,0,0,18,0,12271,1,3,0.0,0,-134,60,194,43,False,0,Man City,Leicester,GK,0
Ki Sung-yueng,0,0,0,0,0.0,268,176,0,0,0.0,0.0,2019-12-21T15:00:00Z,0,0,0,0,0,18,0,3787,0,1,0.0,0,-139,17,156,47,True,0,Crystal Palace,Newcastle,MID,0
Emil Krafth,0,0,0,0,0.0,519,176,0,0,0.0,0.0,2019-12-21T15:00:00Z,0,0,0,0,0,18,0,4902,0,1,0.0,0,-83,40,123,43,True,0,Crystal Palace,Newcastle,DEF,0
Chris Mepham,0,0,16,0,0.1,61,172,1,0,2.4,15.4,2019-12-21T15:00:00Z,90,0,0,0,0,18,0,62026,1,0,8.0,2,3145,3877,732,43,True,0,Burnley,Bournemouth,DEF,0
Pedro Neto,0,0,8,0,15.3,528,177,0,0,4.0,6.2,2019-12-21T15:00:00Z,13,0,0,0,0,18,0,2925,2,1,18.0,1,2,138,136,50,False,0,Norwich,Wolves,MID,0
Matthew Clarke,0,0,0,0,0.0,43,173,0,0,0.0,0.0,2019-12-21T15:00:00Z,0,0,0,0,0,18,0,867,1,0,0.0,0,-17,10,27,44,True,0,Sheffield Utd,Brighton,DEF,0
Jack O'Connell,0,1,25,1,1.2,293,173,0,0,1.7,15.6,2019-12-21T15:00:00Z,90,0,0,0,0,18,0,141018,1,0,0.0,7,6724,11259,4535,46,False,0,Brighton,Sheffield Utd,DEF,0
Neil Taylor,0,0,0,0,0.0,24,171,0,0,0.0,0.0,2019-12-21T15:00:00Z,0,0,0,0,0,18,0,17782,3,1,0.0,0,-348,244,592,44,True,0,Southampton,Aston Villa,DEF,0
Daryl Janmaat,0,0,0,0,0.0,359,179,0,0,0.0,0.0,2019-12-22T14:00:00Z,0,0,0,0,0,18,0,66021,0,2,0.0,0,-11448,644,12092,42,True,0,Man Utd,Watford,DEF,0
Wesley,0,0,1,0,3.7,428,171,3,0,5.3,0.0,2019-12-21T15:00:00Z,90,0,0,0,0,18,0,122658,3,1,52.0,2,2413,11645,9232,57,True,0,Southampton,Aston Villa,FWD,0
Ciaran Clark,0,0,0,0,0.0,259,176,0,0,0.0,0.0,2019-12-21T15:00:00Z,0,0,0,0,0,18,0,35341,0,1,0.0,0,-13184,69,13253,43,True,0,Crystal Palace,Newcastle,DEF,0
Fabian Schär,0,0,22,1,10.3,252,176,0,0,2.5,14.6,2019-12-21T15:00:00Z,90,0,0,0,0,18,0,107129,0,1,0.0,5,668,2842,2174,50,True,1,Crystal Palace,Newcastle,DEF,0
Kurt Zouma,0,0,17,1,0.3,459,178,0,0,0.7,7.0,2019-12-22T16:30:00Z,90,0,0,0,0,18,0,139785,2,0,0.0,5,-2884,4132,7016,47,False,1,Spurs,Chelsea,DEF,0
John Egan,0,0,19,1,0.2,295,173,0,0,4.1,19.6,2019-12-21T15:00:00Z,90,0,0,0,0,18,0,45400,1,0,21.0,6,6278,7457,1179,45,False,0,Brighton,Sheffield Utd,DEF,0
Joel Ward,0,0,0,0,0.0,126,176,0,0,0.0,0.0,2019-12-21T15:00:00Z,0,0,0,0,0,18,0,99592,0,1,0.0,0,-12111,49,12160,43,False,0,Newcastle,Crystal Palace,DEF,0
Paul Pogba,0,0,6,0,18.3,238,179,0,0,5.4,11.2,2019-12-22T14:00:00Z,26,0,0,0,0,18,0,215825,0,2,24.0,1,-2110,317,2427,84,False,0,Watford,Man Utd,MID,0
Christian Saydee,0,0,0,0,0.0,564,172,0,0,0.0,0.0,2019-12-21T15:00:00Z,0,0,0,0,0,18,0,199,1,0,0.0,0,6,35,29,45,True,0,Burnley,Bournemouth,MID,0
Theo Walcott,0,0,0,0,0.0,153,174,0,0,0.0,0.0,2019-12-21T12:30:00Z,0,0,0,0,0,18,0,27677,0,0,0.0,0,-1030,14,1044,62,True,0,Arsenal,Everton,MID,0
Wesley Hoedt,0,0,0,0,0.0,485,171,0,0,0.0,0.0,2019-12-21T15:00:00Z,0,0,0,0,0,18,0,2744,3,1,0.0,0,-40,35,75,43,False,0,Aston Villa,Southampton,DEF,0
Billy Gilmour,0,0,0,0,0.0,533,178,0,0,0.0,0.0,2019-12-22T16:30:00Z,0,0,0,0,0,18,0,1836,2,0,0.0,0,-51,31,82,45,False,0,Spurs,Chelsea,MID,0
Lewis Cook,0,0,-1,0,1.8,79,172,0,0,0.4,2.2,2019-12-21T15:00:00Z,45,0,0,0,0,18,0,3090,1,0,0.0,1,260,461,201,50,True,0,Burnley,Bournemouth,MID,0
Yoshinori Muto,0,0,0,0,0.0,260,176,0,0,0.0,0.0,2019-12-21T15:00:00Z,0,0,0,0,0,18,0,6469,0,1,0.0,0,-94,48,142,52,True,0,Crystal Palace,Newcastle,FWD,0
Fred,0,0,22,0,50.3,244,179,2,0,7.9,28.2,2019-12-22T14:00:00Z,90,0,0,0,0,18,0,14774,0,2,0.0,2,553,1527,974,53,False,0,Watford,Man Utd,MID,0
DeAndre Yedlin,0,0,3,0,0.0,253,176,0,0,0.0,0.0,2019-12-21T15:00:00Z,1,0,0,0,0,18,0,7825,0,1,0.0,1,76,440,364,44,True,0,Crystal Palace,Newcastle,DEF,0
Mesut Özil,0,0,0,0,0.0,15,174,0,0,0.0,0.0,2019-12-21T12:30:00Z,0,0,0,0,0,18,0,61218,0,0,0.0,0,-2301,4357,6658,72,False,0,Everton,Arsenal,MID,0
Mat Ryan,0,0,14,0,0.0,47,173,1,0,1.4,14.2,2019-12-21T15:00:00Z,90,0,0,0,0,18,1,1254372,1,0,0.0,2,-7096,13233,20329,48,True,0,Sheffield Utd,Brighton,GK,0
Taylor Perry,0,0,0,0,0.0,560,177,0,0,0.0,0.0,2019-12-21T15:00:00Z,0,0,0,0,0,18,0,1372,2,1,0.0,0,-33,102,135,45,False,0,Norwich,Wolves,MID,0
Patrick Cutrone,0,0,3,0,1.5,487,177,0,0,0.9,3.0,2019-12-21T15:00:00Z,1,0,0,0,0,18,0,39354,2,1,4.0,1,-616,221,837,56,False,0,Norwich,Wolves,FWD,0
Kevin Danso,0,0,0,0,0.0,532,171,0,0,0.0,0.0,2019-12-21T15:00:00Z,0,0,0,0,0,18,0,2023,3,1,0.0,0,-81,24,105,43,False,0,Aston Villa,Southampton,DEF,0
Eric Bailly,0,0,0,0,0.0,228,179,0,0,0.0,0.0,2019-12-22T14:00:00Z,0,0,0,0,0,18,0,2233,0,2,0.0,0,-8,16,24,49,False,0,Watford,Man Utd,DEF,0
Pontus Dahlberg,0,0,0,0,0.0,367,179,0,0,0.0,0.0,2019-12-22T14:00:00Z,0,0,0,0,0,18,0,8842,0,2,0.0,0,-72,41,113,43,True,0,Man Utd,Watford,GK,0
Oriol Romeu,0,0,2,0,0.1,328,171,0,0,0.4,4.2,2019-12-21T15:00:00Z,14,0,0,0,0,18,0,63952,3,1,0.0,1,-2179,676,2855,44,False,0,Aston Villa,Southampton,MID,0
Martin Dubravka,0,1,27,1,0.0,262,176,0,0,3.4,34.4,2019-12-21T15:00:00Z,90,0,0,0,0,18,4,97541,0,1,0.0,8,2865,6510,3645,50,True,0,Crystal Palace,Newcastle,GK,0
Charlie Taylor,0,1,22,1,5.0,87,172,0,0,2.4,18.8,2019-12-21T15:00:00Z,90,0,0,0,0,18,0,48098,1,0,0.0,7,-3795,387,4182,42,False,0,Bournemouth,Burnley,DEF,0
Leon Clarke,0,0,0,0,0.0,547,173,0,0,0.0,0.0,2019-12-21T15:00:00Z,0,0,0,0,0,18,0,6209,1,0,0.0,0,-209,290,499,45,False,0,Brighton,Sheffield Utd,FWD,0
Ibrahim Amadou,0,0,0,0,0.0,507,177,0,0,0.0,0.0,2019-12-21T15:00:00Z,0,0,0,0,0,18,0,7616,2,1,0.0,0,-161,154,315,45,True,0,Wolves,Norwich,MID,0
Riyad Mahrez,0,1,30,0,50.7,217,175,1,1,21.6,50.8,2019-12-21T17:30:00Z,90,0,0,0,0,18,0,244558,1,3,114.0,8,-7245,8737,15982,83,True,0,Leicester,Man City,MID,0
Fikayo Tomori,0,1,27,1,1.5,529,178,0,0,2.5,23.2,2019-12-22T16:30:00Z,90,0,0,0,0,18,0,313581,2,0,0.0,7,-97364,985,98349,48,False,0,Spurs,Chelsea,DEF,0
Gylfi Sigurdsson,0,0,1,1,1.7,151,174,0,0,1.5,1.8,2019-12-21T12:30:00Z,90,0,0,0,0,18,0,187656,0,0,11.0,2,-7883,384,8267,74,True,1,Arsenal,Everton,MID,0
Dan Burn,0,0,20,0,19.9,475,173,1,0,4.4,19.6,2019-12-21T15:00:00Z,90,0,0,0,0,18,0,20905,1,0,4.0,2,517,1173,656,45,True,0,Sheffield Utd,Brighton,DEF,0
Jean-Philippe Gbamin,0,0,0,0,0.0,497,174,0,0,0.0,0.0,2019-12-21T12:30:00Z,0,0,0,0,0,18,0,2190,0,0,0.0,0,-39,6,45,48,True,0,Arsenal,Everton,MID,0
Raheem Sterling,1,0,16,0,36.3,214,175,1,0,11.3,7.4,2019-12-21T17:30:00Z,88,0,0,0,0,18,0,1855784,1,3,69.0,5,98328,146472,48144,118,True,0,Leicester,Man City,MID,0
Georges-Kévin Nkoudou,0,0,0,0,0.0,527,178,0,0,0.0,0.0,2019-12-22T16:30:00Z,0,0,0,0,0,18,0,851,2,0,0.0,0,-10,3,13,50,True,0,Chelsea,Spurs,MID,0
João Cancelo,0,0,0,0,0.0,518,175,0,0,0.0,0.0,2019-12-21T17:30:00Z,0,0,0,0,0,18,0,63577,1,3,0.0,0,-2689,801,3490,53,True,0,Leicester,Man City,DEF,0
Tom Trybull,0,0,16,0,1.5,290,177,2,0,2.5,23.6,2019-12-21T15:00:00Z,85,0,0,0,0,18,0,46887,2,1,0.0,2,-691,156,847,45,True,0,Wolves,Norwich,MID,0
Dennis Praet,0,0,3,0,0.5,517,175,0,0,0.1,0.6,2019-12-21T17:30:00Z,13,0,0,0,0,18,0,4373,1,3,0.0,1,-69,89,158,53,False,0,Man City,Leicester,MID,0
Jordon Ibe,0,0,0,0,0.0,78,172,0,0,0.0,0.0,2019-12-21T15:00:00Z,0,0,0,0,0,18,0,11923,1,0,0.0,0,-125,169,294,46,True,0,Burnley,Bournemouth,MID,0
Dani Ceballos,0,0,0,0,0.0,469,174,0,0,0.0,0.0,2019-12-21T12:30:00Z,0,0,0,0,0,18,0,243295,0,0,0.0,0,-8246,48,8294,52,False,0,Everton,Arsenal,MID,0
Lewis Gibson,0,0,0,0,0.0,477,174,0,0,0.0,0.0,2019-12-21T12:30:00Z,0,0,0,0,0,18,0,10627,0,0,0.0,0,-92,130,222,43,True,0,Arsenal,Everton,DEF,0
José Ignacio Peleteiro Romallo,0,0,0,0,0.0,36,171,0,0,0.0,0.0,2019-12-21T15:00:00Z,0,0,0,0,0,18,0,10361,3,1,0.0,0,209,464,255,58,True,0,Southampton,Aston Villa,MID,0
Heurelho da Silva Gomes,0,0,0,0,0.0,513,179,0,0,0.0,0.0,2019-12-22T14:00:00Z,0,0,0,0,0,18,0,14185,0,2,0.0,0,-102,85,187,44,True,0,Man Utd,Watford,GK,0
Rodri,0,0,9,0,1.9,443,175,0,0,0.4,1.8,2019-12-21T17:30:00Z,11,0,0,0,0,18,0,82104,1,3,0.0,1,2619,6136,3517,54,True,0,Leicester,Man City,MID,0
Ben Gibson,0,0,0,0,0.0,89,172,0,0,0.0,0.0,2019-12-21T15:00:00Z,0,0,0,0,0,18,0,192752,1,0,0.0,0,-6216,2380,8596,39,False,0,Bournemouth,Burnley,DEF,0
Ben Mee,0,0,21,1,0.5,83,172,0,0,1.5,14.0,2019-12-21T15:00:00Z,90,0,0,0,0,18,0,62463,1,0,0.0,6,1977,3378,1401,50,False,0,Bournemouth,Burnley,DEF,0
Addji Keaninkin Marc-Israel Guehi,0,0,0,0,0.0,545,178,0,0,0.0,0.0,2019-12-22T16:30:00Z,0,0,0,0,0,18,0,7017,2,0,0.0,0,-128,244,372,40,False,0,Spurs,Chelsea,DEF,0
Tyrone Mings,0,0,0,0,0.0,445,171,0,0,0.0,0.0,2019-12-21T15:00:00Z,0,0,0,0,0,18,0,258697,3,1,0.0,0,-52565,482,53047,45,True,0,Southampton,Aston Villa,DEF,0
Archie Mair,0,0,0,0,0.0,551,177,0,0,0.0,0.0,2019-12-21T15:00:00Z,0,0,0,0,0,18,0,4316,2,1,0.0,0,195,375,180,40,True,0,Wolves,Norwich,GK,0
James Garner,0,0,0,0,0.0,250,179,0,0,0.0,0.0,2019-12-22T14:00:00Z,0,0,0,0,0,18,0,16282,0,2,0.0,0,-36,491,527,43,False,0,Watford,Man Utd,MID,0
Gabriel Jesus,0,0,21,0,2.1,211,175,1,1,14.8,44.0,2019-12-21T17:30:00Z,90,0,0,0,0,18,0,259907,1,3,102.0,6,5602,29903,24301,96,True,0,Leicester,Man City,FWD,0
Shane Long,1,0,10,0,11.0,315,171,1,0,7.9,3.8,2019-12-21T15:00:00Z,81,0,0,0,0,18,0,149161,3,1,64.0,5,-2060,3061,5121,46,False,0,Aston Villa,Southampton,FWD,0
Ethan Ampadu,0,0,0,0,0.0,121,178,0,0,0.0,0.0,2019-12-22T16:30:00Z,0,0,0,0,0,18,0,1274,2,0,0.0,0,-61,25,86,44,False,0,Spurs,Chelsea,MID,0
Emerson,0,0,0,0,0.0,107,178,0,0,0.0,0.0,2019-12-22T16:30:00Z,0,0,0,0,0,18,0,60740,2,0,0.0,0,-716,1277,1993,55,False,0,Spurs,Chelsea,DEF,0
Miguel Almirón,0,3,35,1,7.9,266,176,0,1,9.9,55.0,2019-12-21T15:00:00Z,90,0,0,0,0,18,0,27346,0,1,36.0,10,-1993,107,2100,58,True,1,Crystal Palace,Newcastle,MID,0
Raúl Jiménez,0,1,30,0,26.2,409,177,1,1,13.1,38.6,2019-12-21T15:00:00Z,90,0,0,0,0,18,0,1307730,2,1,66.0,7,25534,75566,50032,75,False,0,Norwich,Wolves,FWD,0
Max Aarons,0,0,11,0,2.8,274,177,2,0,2.1,18.4,2019-12-21T15:00:00Z,90,0,0,0,0,18,0,79252,2,1,0.0,1,-159,1425,1584,44,True,0,Wolves,Norwich,DEF,0
Morgan Schneiderlin,0,0,0,0,0.0,158,174,0,0,0.0,0.0,2019-12-21T12:30:00Z,0,0,0,0,0,18,0,50545,0,0,0.0,0,-3756,75,3831,44,True,0,Arsenal,Everton,MID,0
Rachid Ghezzal,0,0,0,0,0.0,173,175,0,0,0.0,0.0,2019-12-21T17:30:00Z,0,0,0,0,0,18,0,2233,1,3,0.0,0,-5,15,20,52,False,0,Man City,Leicester,MID,0
Davinson Sánchez,0,0,16,0,1.6,333,178,2,0,2.9,27.4,2019-12-22T16:30:00Z,90,0,0,0,0,18,0,68629,2,0,0.0,1,127,1634,1507,53,True,0,Chelsea,Spurs,DEF,0
Ricardo Pereira,0,0,3,0,0.7,159,175,3,0,0.3,2.6,2019-12-21T17:30:00Z,90,0,0,0,0,18,0,1230668,1,3,0.0,1,-19658,36606,56264,65,False,0,Man City,Leicester,DEF,0
Jetro Willems,0,0,0,0,0.0,498,176,0,0,0.0,0.0,2019-12-21T15:00:00Z,0,0,0,0,0,18,0,299048,0,1,0.0,0,34176,43116,8940,47,True,0,Crystal Palace,Newcastle,DEF,0
Joe Willock,0,0,1,0,10.3,490,174,0,0,1.2,1.4,2019-12-21T12:30:00Z,24,0,0,0,0,18,0,13806,0,0,0.0,0,-235,135,370,48,False,1,Everton,Arsenal,MID,0
James Chester,0,0,0,0,0.0,23,171,0,0,0.0,0.0,2019-12-21T15:00:00Z,0,0,0,0,0,18,0,4180,3,1,0.0,0,11,170,159,43,True,0,Southampton,Aston Villa,DEF,0
Michel Vorm,0,0,0,0,0.0,555,178,0,0,0.0,0.0,2019-12-22T16:30:00Z,0,0,0,0,0,18,0,1076,2,0,0.0,0,-40,19,59,43,True,0,Chelsea,Spurs,GK,0
Javier Manquillo,0,0,17,1,1.8,256,176,0,0,1.6,14.4,2019-12-21T15:00:00Z,90,0,0,0,0,18,0,21446,0,1,0.0,6,3524,4562,1038,43,True,0,Crystal Palace,Newcastle,DEF,0
Simon Moore,0,0,0,0,0.0,436,173,0,0,0.0,0.0,2019-12-21T15:00:00Z,0,0,0,0,0,18,0,7168,1,0,0.0,0,-38,173,211,44,False,0,Brighton,Sheffield Utd,GK,0
Wes Morgan,0,0,0,0,0.0,165,175,0,0,0.0,0.0,2019-12-21T17:30:00Z,0,0,0,0,0,18,0,47915,1,3,0.0,0,-81,1363,1444,41,False,0,Man City,Leicester,DEF,0
Bukayo Saka,0,0,8,1,2.0,541,174,0,0,1.9,16.6,2019-12-21T12:30:00Z,90,0,0,0,0,18,0,39557,0,0,0.0,2,-4046,1172,5218,45,False,1,Everton,Arsenal,MID,0
Bernd Leno,0,0,21,1,0.0,14,174,0,0,0.5,5.2,2019-12-21T12:30:00Z,90,0,0,0,0,18,0,386270,0,0,0.0,6,-8721,4438,13159,50,False,0,Everton,Arsenal,GK,0
Jannik Vestergaard,0,0,0,0,0.0,304,171,0,0,0.0,0.0,2019-12-21T15:00:00Z,0,0,0,0,0,18,0,201585,3,1,0.0,0,-10798,765,11563,48,False,0,Aston Villa,Southampton,DEF,0
Joe Hart,0,0,0,0,0.0,95,172,0,0,0.0,0.0,2019-12-21T15:00:00Z,0,0,0,0,0,18,0,84508,1,0,0.0,0,-1135,345,1480,43,False,0,Bournemouth,Burnley,GK,0
Jake Eastwood,0,0,0,0,0.0,299,173,0,0,0.0,0.0,2019-12-21T15:00:00Z,0,0,0,0,0,18,0,9052,1,0,0.0,0,-203,11,214,43,False,0,Brighton,Sheffield Utd,GK,0
Andros Townsend,0,0,0,0,0.0,135,176,0,0,0.0,0.0,2019-12-21T15:00:00Z,0,0,0,0,0,18,0,86325,0,1,0.0,0,-6210,677,6887,56,False,0,Newcastle,Crystal Palace,MID,0
Djibril Sidibé,0,0,27,1,6.3,511,174,0,0,2.9,22.4,2019-12-21T12:30:00Z,90,0,0,0,0,18,0,19064,0,0,0.0,6,-1964,819,2783,53,True,0,Arsenal,Everton,DEF,0
Frederick Woodman,0,0,0,0,0.0,264,176,0,0,0.0,0.0,2019-12-21T15:00:00Z,0,0,0,0,0,18,0,62115,0,1,0.0,0,-355,687,1042,40,True,0,Crystal Palace,Newcastle,GK,0
Joelinton,0,0,6,1,4.3,466,176,0,0,3.4,11.8,2019-12-21T15:00:00Z,76,0,0,0,0,18,0,67818,0,1,18.0,2,-1995,1021,3016,56,True,0,Crystal Palace,Newcastle,FWD,0
Michael Keane,0,0,3,0,0.1,143,174,0,0,0.2,0.2,2019-12-21T12:30:00Z,18,0,0,0,0,18,0,165525,0,0,2.0,1,2119,5542,3423,53,True,0,Arsenal,Everton,DEF,0
Jordan Pickford,0,0,23,1,0.0,148,174,0,0,2.0,20.2,2019-12-21T12:30:00Z,90,0,0,0,0,18,2,506418,0,0,0.0,6,-5640,3683,9323,54,True,0,Arsenal,Everton,GK,0
Teemu Pukki,0,0,-2,0,3.5,278,177,2,0,8.3,13.2,2019-12-21T15:00:00Z,90,0,0,0,0,18,0,1232632,2,1,66.0,2,4694,50249,45555,66,True,0,Wolves,Norwich,FWD,0
Kelechi Iheanacho,0,0,0,0,0.0,167,175,0,0,0.0,0.0,2019-12-21T17:30:00Z,0,0,0,0,0,18,0,29522,1,3,0.0,0,-3423,2413,5836,57,False,0,Man City,Leicester,FWD,0
Benjamin Mendy,1,0,29,0,55.3,204,175,1,0,9.2,36.2,2019-12-21T17:30:00Z,90,0,0,0,0,18,0,56041,1,3,0.0,5,4719,7687,2968,55,True,0,Leicester,Man City,DEF,0
Wilfred Ndidi,0,0,13,0,0.4,176,175,3,0,1.4,13.8,2019-12-21T17:30:00Z,90,0,0,0,0,18,0,192821,1,3,0.0,1,-5227,4087,9314,50,False,1,Man City,Leicester,MID,0
Lovre Kalinic,0,0,0,0,0.0,474,171,0,0,0.0,0.0,2019-12-21T15:00:00Z,0,0,0,0,0,18,0,6707,3,1,0.0,0,-55,67,122,44,True,0,Southampton,Aston Villa,GK,0
Gavin Kilkenny,0,0,0,0,0.0,565,172,0,0,0.0,0.0,2019-12-21T15:00:00Z,0,0,0,0,0,18,0,156,1,0,0.0,0,11,37,26,45,True,0,Burnley,Bournemouth,MID,0
Aaron Wan-Bissaka,0,0,4,0,1.6,122,179,2,0,1.3,11.8,2019-12-22T14:00:00Z,90,0,0,0,0,18,0,1126931,0,2,0.0,1,45001,60812,15811,53,False,0,Watford,Man Utd,DEF,0
Philip Billing,0,2,23,1,5.8,476,172,0,0,2.3,14.8,2019-12-21T15:00:00Z,85,0,0,0,0,18,0,10396,1,0,2.0,5,141,453,312,50,True,0,Burnley,Bournemouth,MID,0
Daniel James,0,0,5,0,11.3,243,179,2,0,1.6,4.4,2019-12-22T14:00:00Z,57,0,0,0,0,18,0,883198,0,2,0.0,1,82562,108342,25780,62,False,0,Watford,Man Utd,MID,0
Patrick Roberts,0,0,0,0,0.0,435,177,0,0,0.0,0.0,2019-12-21T15:00:00Z,0,0,0,0,0,18,0,3890,2,1,0.0,0,-52,21,73,52,True,0,Wolves,Norwich,MID,0
George Baldock,0,0,21,1,12.0,294,173,0,0,2.3,11.0,2019-12-21T15:00:00Z,90,0,0,0,0,18,0,669666,1,0,0.0,6,195316,204590,9274,49,False,0,Brighton,Sheffield Utd,DEF,0
Luke Dreher,0,0,0,0,0.0,140,176,0,0,0.0,0.0,2019-12-21T15:00:00Z,0,0,0,0,0,18,0,6203,0,1,0.0,0,-109,85,194,44,False,0,Newcastle,Crystal Palace,MID,0
James Maddison,0,0,9,0,12.1,171,175,3,0,2.7,8.0,2019-12-21T17:30:00Z,90,0,0,0,0,18,0,1946385,1,3,7.0,2,-47008,60068,107076,78,False,0,Man City,Leicester,MID,0
Moritz Leitner,0,0,0,0,0.0,288,177,0,0,0.0,0.0,2019-12-21T15:00:00Z,0,0,0,0,0,18,0,13913,2,1,0.0,0,-406,223,629,44,True,0,Wolves,Norwich,MID,0
Çaglar Söyüncü,0,0,12,0,0.0,164,175,3,0,2.0,20.4,2019-12-21T17:30:00Z,90,0,0,0,0,18,0,1427701,1,3,0.0,0,-20232,31807,52039,51,False,1,Man City,Leicester,DEF,0
Fabian Delph,0,0,26,1,5.8,205,174,0,0,1.9,13.6,2019-12-21T12:30:00Z,71,0,0,0,0,18,0,11922,0,0,0.0,6,-274,21,295,53,True,0,Arsenal,Everton,DEF,0
Vincent Janssen,0,0,0,0,0.0,339,178,0,0,0.0,0.0,2019-12-22T16:30:00Z,0,0,0,0,0,18,0,5452,2,0,0.0,0,-63,38,101,45,True,0,Chelsea,Spurs,FWD,0
Nemanja Matic,0,0,0,0,0.0,247,179,0,0,0.0,0.0,2019-12-22T14:00:00Z,0,0,0,0,0,18,0,22160,0,2,0.0,0,-61,192,253,48,False,0,Watford,Man Utd,MID,0
Emile Smith Rowe,0,0,8,1,4.0,576,174,0,0,1.0,6.4,2019-12-21T12:30:00Z,65,0,0,0,0,18,0,168,0,0,0.0,3,96,108,12,45,False,0,Everton,Arsenal,MID,0
Ben Osborn,0,0,7,0,11.9,472,173,0,0,1.8,4.4,2019-12-21T15:00:00Z,37,0,0,0,0,18,0,2307,1,0,2.0,1,8,66,58,47,False,0,Brighton,Sheffield Utd,MID,0
Víctor Camarasa,0,0,0,0,0.0,510,176,0,0,0.0,0.0,2019-12-21T15:00:00Z,0,0,0,0,0,18,0,13372,0,1,0.0,0,-344,81,425,46,False,0,Newcastle,Crystal Palace,MID,0
Andre Gray,0,0,0,0,0.0,364,179,0,0,0.0,0.0,2019-12-22T14:00:00Z,0,0,0,0,0,18,0,27152,0,2,0.0,0,-592,207,799,56,True,0,Man Utd,Watford,FWD,0
Dimitri Foulquier,0,0,0,0,0.0,542,179,0,0,0.0,0.0,2019-12-22T14:00:00Z,0,0,0,0,0,18,0,15119,0,2,0.0,0,-120,658,778,40,True,0,Man Utd,Watford,DEF,0
Mateo Kovacic,1,0,21,1,15.3,432,178,0,0,4.3,27.2,2019-12-22T16:30:00Z,67,0,0,0,0,18,0,87440,2,0,0.0,5,-3964,4740,8704,53,False,1,Spurs,Chelsea,MID,0
John Ruddy,0,0,0,0,0.0,412,177,0,0,0.0,0.0,2019-12-21T15:00:00Z,0,0,0,0,0,18,0,29255,2,1,0.0,0,-317,125,442,43,False,0,Norwich,Wolves,GK,0
David Luiz,0,3,29,1,0.2,106,174,0,0,2.3,20.4,2019-12-21T12:30:00Z,90,0,0,0,0,18,0,356269,0,0,2.0,9,-8336,2808,11144,57,False,0,Everton,Arsenal,DEF,0
Leighton Baines,0,0,0,0,0.0,145,174,0,0,0.0,0.0,2019-12-21T12:30:00Z,0,0,0,0,0,18,0,14597,0,0,0.0,0,2813,3142,329,49,True,0,Arsenal,Everton,DEF,0
Jonny,0,0,7,0,3.3,402,177,1,0,1.0,4.6,2019-12-21T15:00:00Z,90,0,0,0,0,18,0,89664,2,1,2.0,1,5118,8707,3589,54,False,1,Norwich,Wolves,DEF,0
Christian Benteke,0,0,7,0,12.7,129,176,1,0,6.9,9.0,2019-12-21T15:00:00Z,90,0,0,0,0,18,0,40603,0,1,47.0,2,-247,549,796,57,False,0,Newcastle,Crystal Palace,FWD,0
John McGinn,0,0,3,0,1.1,31,171,0,0,0.0,0.0,2019-12-21T15:00:00Z,7,0,0,0,0,18,0,595690,3,1,0.0,1,-23403,20534,43937,57,True,0,Southampton,Aston Villa,MID,0
James Daly,0,0,0,0,0.0,581,176,0,0,0.0,0.0,2019-12-21T15:00:00Z,0,0,0,0,0,18,0,0,0,1,0.0,0,0,0,0,45,False,0,Newcastle,Crystal Palace,FWD,0
Brandon Williams,0,0,0,0,0.0,549,179,0,0,0.0,0.0,2019-12-22T14:00:00Z,0,0,0,0,0,18,0,125703,0,2,0.0,0,-5799,6682,12481,41,False,0,Watford,Man Utd,DEF,0
Ainsley Maitland-Niles,0,0,26,1,15.6,4,174,0,0,2.5,9.8,2019-12-21T12:30:00Z,90,0,0,0,0,18,0,183842,0,0,0.0,6,-2735,1729,4464,46,False,0,Everton,Arsenal,DEF,0
Tahith Chong,0,0,0,0,0.0,249,179,0,0,0.0,0.0,2019-12-22T14:00:00Z,0,0,0,0,0,18,0,61997,0,2,0.0,0,1757,7949,6192,43,False,0,Watford,Man Utd,MID,0
Lucas Moura,0,0,2,0,1.1,345,178,2,0,0.9,6.0,2019-12-22T16:30:00Z,73,0,0,0,0,18,0,363375,2,0,2.0,2,56021,64509,8488,71,True,0,Chelsea,Spurs,MID,0
Charlie Austin,0,0,0,0,0.0,312,171,0,0,0.0,0.0,2019-12-21T15:00:00Z,0,0,0,0,0,18,0,3484,3,1,0.0,0,-13,24,37,60,False,0,Aston Villa,Southampton,FWD,0
Ryan Fraser,0,0,12,0,19.0,75,172,1,0,3.0,9.4,2019-12-21T15:00:00Z,90,0,0,0,0,18,0,221543,1,0,2.0,2,4809,8809,4000,69,True,0,Burnley,Bournemouth,MID,0
Jack Simpson,0,0,0,0,0.0,66,172,0,0,0.0,0.0,2019-12-21T15:00:00Z,0,0,0,0,0,18,0,516025,1,0,0.0,0,8427,21100,12673,39,True,0,Burnley,Bournemouth,DEF,0
David Brooks,0,0,0,0,0.0,76,172,0,0,0.0,0.0,2019-12-21T15:00:00Z,0,0,0,0,0,18,0,7024,1,0,0.0,0,-57,16,73,63,True,0,Burnley,Bournemouth,MID,0
Matteo Darmian,0,0,0,0,0.0,230,179,0,0,0.0,0.0,2019-12-22T14:00:00Z,0,0,0,0,0,18,0,3411,0,2,0.0,0,-20,10,30,49,False,0,Watford,Man Utd,DEF,0
Jonjo Shelvey,0,0,12,1,15.7,269,176,0,0,3.3,7.6,2019-12-21T15:00:00Z,90,0,0,0,0,18,0,111930,0,1,10.0,3,-20588,6855,27443,51,True,0,Crystal Palace,Newcastle,MID,0
Claudio Bravo,0,0,0,0,0.0,213,175,0,0,0.0,0.0,2019-12-21T17:30:00Z,0,0,0,0,0,18,0,20941,1,3,0.0,0,-333,159,492,48,True,0,Leicester,Man City,GK,0
Steve Cook,0,0,0,0,0.0,58,172,0,0,0.0,0.0,2019-12-21T15:00:00Z,0,0,0,0,0,18,0,18121,1,0,0.0,0,-2832,30,2862,50,True,0,Burnley,Bournemouth,DEF,0
Matt Ritchie,0,0,0,0,0.0,251,176,0,0,0.0,0.0,2019-12-21T15:00:00Z,0,0,0,0,0,18,0,10434,0,1,0.0,0,-174,10,184,53,True,0,Crystal Palace,Newcastle,DEF,0
Birkir Bjarnason,0,0,0,0,0.0,33,171,0,0,0.0,0.0,2019-12-21T15:00:00Z,0,0,0,0,0,18,0,2613,3,1,0.0,0,-81,18,99,45,True,0,Southampton,Aston Villa,MID,0
Phil Jagielka,0,0,0,0,0.0,444,173,0,0,0.0,0.0,2019-12-21T15:00:00Z,0,0,0,0,0,18,0,28986,1,0,0.0,0,-392,812,1204,42,False,0,Brighton,Sheffield Utd,DEF,0
Mario Lemina,0,0,0,0,0.0,324,171,0,0,0.0,0.0,2019-12-21T15:00:00Z,0,0,0,0,0,18,0,3900,3,1,0.0,0,-58,10,68,47,False,0,Aston Villa,Southampton,MID,0
Richarlison,0,0,9,1,22.3,150,174,0,0,6.2,7.2,2019-12-21T12:30:00Z,90,0,0,0,0,18,0,691769,0,0,32.0,3,126331,149248,22917,79,True,0,Arsenal,Everton,MID,0
Cheikhou Kouyaté,0,0,16,0,0.3,139,176,1,0,2.1,16.8,2019-12-21T15:00:00Z,90,0,0,0,0,18,0,12733,0,1,4.0,2,-68,528,596,49,False,0,Newcastle,Crystal Palace,MID,0
Ahmed Elmohamady,0,0,0,0,0.0,22,171,0,0,0.0,0.0,2019-12-21T15:00:00Z,0,0,0,0,0,18,0,72474,3,1,0.0,0,627,3735,3108,42,True,0,Southampton,Aston Villa,DEF,0
Davide Zappacosta,0,0,0,0,0.0,109,178,0,0,0.0,0.0,2019-12-22T16:30:00Z,0,0,0,0,0,18,0,12082,2,0,0.0,0,-115,25,140,43,False,0,Spurs,Chelsea,DEF,0
Solly March,0,0,0,0,0.0,55,173,0,0,0.0,0.0,2019-12-21T15:00:00Z,0,0,0,0,0,18,0,14799,1,0,0.0,0,-970,63,1033,46,True,0,Sheffield Utd,Brighton,MID,0
David de Gea,0,0,7,0,0.0,235,179,2,0,0.2,1.6,2019-12-22T14:00:00Z,90,0,0,0,0,18,1,962923,0,2,0.0,1,7402,24353,16951,55,False,0,Watford,Man Utd,GK,0
Phil Bardsley,0,0,19,1,0.8,86,172,0,0,0.7,6.4,2019-12-21T15:00:00Z,90,0,0,0,0,18,0,13045,1,0,0.0,6,1324,1626,302,43,False,0,Bournemouth,Burnley,DEF,0
Junior Stanislas,0,0,0,0,0.0,77,172,0,0,0.0,0.0,2019-12-21T15:00:00Z,0,0,0,0,0,18,0,486,1,0,0.0,0,100,128,28,59,True,0,Burnley,Bournemouth,MID,0
Philip Heise,0,0,0,0,0.0,484,177,0,0,0.0,0.0,2019-12-21T15:00:00Z,0,0,0,0,0,18,0,52664,2,1,0.0,0,829,2061,1232,39,True,0,Wolves,Norwich,DEF,0
Ezri Konsa Ngoyo,0,0,0,0,0.0,452,171,0,0,0.0,0.0,2019-12-21T15:00:00Z,0,0,0,0,0,18,0,6871,3,1,0.0,0,163,563,400,43,True,0,Southampton,Aston Villa,DEF,0
Kasper Schmeichel,0,1,30,0,0.0,168,175,3,0,7.3,73.0,2019-12-21T17:30:00Z,90,0,0,0,0,18,9,1045344,1,3,0.0,5,-38207,15654,53861,54,False,0,Man City,Leicester,GK,0
Tim Krul,0,0,12,0,0.0,280,177,2,0,1.9,19.2,2019-12-21T15:00:00Z,90,0,0,0,0,18,2,157270,2,1,0.0,1,-586,5883,6469,45,True,0,Wolves,Norwich,GK,0
Angeliño,0,0,0,0,0.0,440,175,0,0,0.0,0.0,2019-12-21T17:30:00Z,0,0,0,0,0,18,0,17424,1,3,0.0,0,-719,1005,1724,47,True,0,Leicester,Man City,DEF,0
Jesús Vallejo,0,0,0,0,0.0,473,177,0,0,0.0,0.0,2019-12-21T15:00:00Z,0,0,0,0,0,18,0,17705,2,1,0.0,0,-167,153,320,47,False,0,Norwich,Wolves,DEF,0
John Lundstram,0,0,22,1,4.3,297,173,0,0,2.1,8.8,2019-12-21T15:00:00Z,90,0,0,0,0,18,0,3586554,1,0,8.0,6,147613,153313,5700,52,False,0,Brighton,Sheffield Utd,DEF,0
Leroy Sané,0,0,0,0,0.0,216,175,0,0,0.0,0.0,2019-12-21T17:30:00Z,0,0,0,0,0,18,0,16737,1,3,0.0,0,-64,85,149,93,True,0,Leicester,Man City,MID,0
Christian Kabasele,1,2,30,1,10.3,354,179,0,0,3.5,22.2,2019-12-22T14:00:00Z,90,0,0,0,0,18,0,13320,0,2,2.0,11,814,1142,328,43,True,0,Man Utd,Watford,DEF,0
Romelu Lukaku,0,0,0,0,0.0,232,179,0,0,0.0,0.0,2019-12-22T14:00:00Z,0,0,0,0,0,18,0,23322,0,2,0.0,0,-71,67,138,85,False,0,Watford,Man Utd,FWD,0
Florin Andone,0,0,0,0,0.0,46,173,0,0,0.0,0.0,2019-12-21T15:00:00Z,0,0,0,0,0,18,0,28208,1,0,0.0,0,-492,29,521,48,True,0,Sheffield Utd,Brighton,FWD,0
Lewis Dunk,0,0,15,0,1.0,42,173,1,0,2.2,16.2,2019-12-21T15:00:00Z,90,0,0,0,0,18,0,965149,1,0,5.0,2,34603,50981,16378,47,True,0,Sheffield Utd,Brighton,DEF,0
Gaëtan Bong,0,0,0,0,0.0,41,173,0,0,0.0,0.0,2019-12-21T15:00:00Z,0,0,0,0,0,18,0,7991,1,0,0.0,0,-78,65,143,43,True,0,Sheffield Utd,Brighton,DEF,0
Rolando Aarons,0,0,0,0,0.0,499,176,0,0,0.0,0.0,2019-12-21T15:00:00Z,0,0,0,0,0,18,0,2254,0,1,0.0,0,-32,3,35,48,True,0,Crystal Palace,Newcastle,MID,0
Grant Hanley,0,0,10,0,0.2,277,177,2,0,2.4,20.0,2019-12-21T15:00:00Z,90,0,0,0,0,18,0,141125,2,1,4.0,0,-4600,548,5148,40,True,1,Wolves,Norwich,DEF,0
Roberto Pereyra,0,0,4,0,10.8,369,179,0,0,1.9,4.2,2019-12-22T14:00:00Z,13,0,0,0,0,18,0,46402,0,2,4.0,1,-1484,26,1510,56,True,0,Man Utd,Watford,MID,0
Sead Kolasinac,0,0,0,0,0.0,3,174,0,0,0.0,0.0,2019-12-21T12:30:00Z,0,0,0,0,0,18,0,42167,0,0,0.0,0,-3363,356,3719,52,False,0,Everton,Arsenal,DEF,0
Stuart Armstrong,0,0,6,0,2.1,323,171,1,0,1.1,3.2,2019-12-21T15:00:00Z,75,0,0,0,0,18,0,5776,3,1,6.0,2,-13,82,95,52,False,0,Aston Villa,Southampton,MID,0
Rúben Neves,0,0,15,0,14.7,414,177,1,0,2.6,10.2,2019-12-21T15:00:00Z,90,0,0,0,0,18,0,367327,2,1,1.0,2,-5520,4747,10267,53,False,0,Norwich,Wolves,MID,0
